feature_backend,text_variant,group_mode,scope,target,model,folds,auroc_mean,auroc_std,auprc_mean,baseline_auprc,auprc_lift_over_baseline,balanced_accuracy_mean,positive_rate,n_excluded_samples,folds_requested,partial_evaluation,evaluated_fold_ids,n_eligible,class_counts_eligible,class_order,n_evaluated_samples,n_evaluated_capabilities,class_counts,averaging,resampling_unit,uncertainty_scope,bootstrap_samples,bootstrap_seed,fit_review_required,unavailable_reason,auroc_ci_low,auroc_ci_high,auprc_ci_low,auprc_ci_high,bootstrap_valid,ci_unavailable_reason
mlx,prefixed,seed,global,source_modality,hgb,3,0.9429619582094956,0.010447078546371337,0.861171702441749,0.25,3.444686809766996,0.7546913580246913,,0,3,False,"[0, 1, 2]",129600,"{""mandatory"": 32400, ""nice_to_have"": 32400, ""optional"": 32400, ""recommended"": 32400}","[""mandatory"", ""nice_to_have"", ""optional"", ""recommended""]",129600,360,"{""mandatory"": 32400, ""nice_to_have"": 32400, ""optional"": 32400, ""recommended"": 32400}",equal mean of evaluable folds; binary positive-class AP; multiclass macro OVR AUROC/AP,"capability across samples, models and keyword cells",fixed held-out predictions and folds; no refitting or generation uncertainty,1000,20260527,True,,0.9368527235511943,0.949440037821696,0.8490975993974985,0.8760120173200776,1000,
mlx,prefixed,seed,global,dataset_variant,hgb,3,0.8245530597469898,0.01171449046690905,0.5250684654740297,0.25,2.100273861896119,0.4956712962962963,,0,3,False,"[0, 1, 2]",129600,"{""mlm_tapt/must"": 32400, ""mlm_tapt/shall"": 32400, ""nice/must"": 32400, ""nice/shall"": 32400}","[""mlm_tapt/must"", ""mlm_tapt/shall"", ""nice/must"", ""nice/shall""]",129600,360,"{""mlm_tapt/must"": 32400, ""mlm_tapt/shall"": 32400, ""nice/must"": 32400, ""nice/shall"": 32400}",equal mean of evaluable folds; binary positive-class AP; multiclass macro OVR AUROC/AP,"capability across samples, models and keyword cells",fixed held-out predictions and folds; no refitting or generation uncertainty,1000,20260527,True,,0.8129804783290702,0.8337957898406342,0.5106756530036279,0.5400163191021009,1000,
mlx,prefixed,seed,global,deterministic_strict_text_overcommit,hgb,3,0.9098894088019094,0.006358471845384885,0.8342949625080508,0.2601493728724811,3.2069843309482127,0.8173193268634295,0.2601493728724811,5460,3,False,"[0, 1, 2]",124140,"{""0"": 91845, ""1"": 32295}","[""0"", ""1""]",124140,360,"{""0"": 91845, ""1"": 32295}",equal mean of evaluable folds; binary positive-class AP; multiclass macro OVR AUROC/AP,"capability across samples, models and keyword cells",fixed held-out predictions and folds; no refitting or generation uncertainty,1000,20260527,True,,0.9022543030105631,0.9184577491994158,0.8200210599220096,0.8495610349436583,1000,
mlx,prefixed,seed,global,sample_strict_text_overcommit,hgb,3,0.9046234181262457,0.012720362899644698,0.8275516388911681,0.2605898209917778,3.1756867391887855,0.8214598157318381,0.2605898209917778,7194,3,False,"[0, 1, 2]",122406,"{""0"": 90508, ""1"": 31898}","[""0"", ""1""]",122406,360,"{""0"": 90508, ""1"": 31898}",equal mean of evaluable folds; binary positive-class AP; multiclass macro OVR AUROC/AP,"capability across samples, models and keyword cells",fixed held-out predictions and folds; no refitting or generation uncertainty,1000,20260527,True,,0.8951531171692545,0.9149452264674326,0.8130317157213988,0.8437219355360603,1000,
mlx,prefixed,seed,source_modality=recommended,deterministic_strict_text_overcommit,hgb,3,0.6134596427569068,0.0110930286628779,0.040031628823637415,0.020565637243609245,1.9465299494221708,0.5002033311115366,0.020565637243609245,1515,3,False,"[0, 1, 2]",30885,"{""0"": 30250, ""1"": 635}","[""0"", ""1""]",30885,360,"{""0"": 30250, ""1"": 635}",equal mean of evaluable folds; binary positive-class AP; multiclass macro OVR AUROC/AP,"capability across samples, models and keyword cells",fixed held-out predictions and folds; no refitting or generation uncertainty,1000,20260527,True,,0.5528689502727839,0.6629778137635052,0.0310434628805113,0.06095467031397383,1000,
mlx,prefixed,seed,source_modality=recommended,sample_strict_text_overcommit,hgb,3,0.721136837050209,0.03196775481942229,0.10470411172616649,0.03452726763848815,3.0325049993081694,0.6235028487793987,0.03452726763848815,2164,3,False,"[0, 1, 2]",30236,"{""0"": 29192, ""1"": 1044}","[""0"", ""1""]",30236,360,"{""0"": 29192, ""1"": 1044}",equal mean of evaluable folds; binary positive-class AP; multiclass macro OVR AUROC/AP,"capability across samples, models and keyword cells",fixed held-out predictions and folds; no refitting or generation uncertainty,1000,20260527,True,,0.6978637737987871,0.7471676166980505,0.09969555606780771,0.1462678374871115,1000,
mlx,prefixed,seed,source_modality=optional,deterministic_strict_text_overcommit,hgb,3,0.6637382714969021,0.2216120047153977,0.03192593226381151,0.0019565502327760797,16.317461074594,0.4999836681365344,0.0019565502327760797,1740,3,False,"[0, 1, 2]",30660,"{""0"": 30600, ""1"": 60}","[""0"", ""1""]",30660,360,"{""0"": 30600, ""1"": 60}",equal mean of evaluable folds; binary positive-class AP; multiclass macro OVR AUROC/AP,"capability across samples, models and keyword cells",fixed held-out predictions and folds; no refitting or generation uncertainty,1000,20260527,True,,,,,,859,fewer than 90% defined bootstrap draws (missing fold classes)
mlx,prefixed,seed,source_modality=optional,sample_strict_text_overcommit,hgb,3,0.8258819878425497,0.03089875676492549,0.09274126577786951,0.010319627579361895,8.986881073435413,0.5838776851227517,0.010319627579361895,1682,3,False,"[0, 1, 2]",30718,"{""0"": 30401, ""1"": 317}","[""0"", ""1""]",30718,360,"{""0"": 30401, ""1"": 317}",equal mean of evaluable folds; binary positive-class AP; multiclass macro OVR AUROC/AP,"capability across samples, models and keyword cells",fixed held-out predictions and folds; no refitting or generation uncertainty,1000,20260527,True,,0.799144597688373,0.8536601871184814,0.07205906392341159,0.18740216601419157,1000,
mlx,prefixed,seed,source_modality=nice_to_have,deterministic_strict_text_overcommit,hgb,3,0.5825528831186954,0.0576200201147224,0.9980491199562378,0.9973183944764585,1.0007326902660438,0.5,0.9973183944764585,715,3,False,"[0, 1, 2]",31685,"{""0"": 85, ""1"": 31600}","[""0"", ""1""]",31685,360,"{""0"": 85, ""1"": 31600}",equal mean of evaluable folds; binary positive-class AP; multiclass macro OVR AUROC/AP,"capability across samples, models and keyword cells",fixed held-out predictions and folds; no refitting or generation uncertainty,1000,20260527,True,,0.43262019177421274,0.7054722800769789,0.9963585965181377,0.9992409028546313,949,
mlx,prefixed,seed,source_modality=nice_to_have,sample_strict_text_overcommit,hgb,3,0.706492905735349,0.028218522238305895,0.9923218892847858,0.983732511571053,1.0087314159211993,0.5098197625089912,0.983732511571053,1358,3,False,"[0, 1, 2]",31042,"{""0"": 505, ""1"": 30537}","[""0"", ""1""]",31042,360,"{""0"": 505, ""1"": 30537}",equal mean of evaluable folds; binary positive-class AP; multiclass macro OVR AUROC/AP,"capability across samples, models and keyword cells",fixed held-out predictions and folds; no refitting or generation uncertainty,1000,20260527,True,,0.6772751882654227,0.7399305345284469,0.9909553153569718,0.993889214853036,1000,
mlx,prefixed,item,global,source_modality,hgb,3,0.9374347755677488,0.01126183013775648,0.8579956932992494,0.25,3.4319827731969976,0.7709567901234567,,0,3,False,"[0, 1, 2]",129600,"{""mandatory"": 32400, ""nice_to_have"": 32400, ""optional"": 32400, ""recommended"": 32400}","[""mandatory"", ""nice_to_have"", ""optional"", ""recommended""]",129600,360,"{""mandatory"": 32400, ""nice_to_have"": 32400, ""optional"": 32400, ""recommended"": 32400}",equal mean of evaluable folds; binary positive-class AP; multiclass macro OVR AUROC/AP,"capability across samples, models and keyword cells",fixed held-out predictions and folds; no refitting or generation uncertainty,1000,20260527,True,,0.9305552540461335,0.9444158800852545,0.8455592485778757,0.8722913072331288,1000,
mlx,prefixed,item,global,dataset_variant,hgb,3,0.6957530106881572,0.00098322052467567,0.3168772168469174,0.25,1.2675088673876695,0.19729166666666664,,0,3,False,"[0, 1, 2]",129600,"{""mlm_tapt/must"": 32400, ""mlm_tapt/shall"": 32400, ""nice/must"": 32400, ""nice/shall"": 32400}","[""mlm_tapt/must"", ""mlm_tapt/shall"", ""nice/must"", ""nice/shall""]",129600,360,"{""mlm_tapt/must"": 32400, ""mlm_tapt/shall"": 32400, ""nice/must"": 32400, ""nice/shall"": 32400}",equal mean of evaluable folds; binary positive-class AP; multiclass macro OVR AUROC/AP,"capability across samples, models and keyword cells",fixed held-out predictions and folds; no refitting or generation uncertainty,1000,20260527,True,,0.6909641830826769,0.6999908138795288,0.31463509133437756,0.32075372071697184,1000,
mlx,prefixed,item,global,deterministic_strict_text_overcommit,hgb,3,0.9090562258191875,0.008039794834411418,0.8312114817820132,0.2601498604317424,3.1951256110710267,0.8400561949509201,0.2601498604317424,5460,3,False,"[0, 1, 2]",124140,"{""0"": 91845, ""1"": 32295}","[""0"", ""1""]",124140,360,"{""0"": 91845, ""1"": 32295}",equal mean of evaluable folds; binary positive-class AP; multiclass macro OVR AUROC/AP,"capability across samples, models and keyword cells",fixed held-out predictions and folds; no refitting or generation uncertainty,1000,20260527,True,,0.8975259439817586,0.9214780314232549,0.8122766335602788,0.8518385081125364,1000,
mlx,prefixed,item,global,sample_strict_text_overcommit,hgb,3,0.9418912741075162,0.002062252432194239,0.871536175170658,0.2605918557738292,3.344449014274163,0.8644308601681744,0.2605918557738292,7194,3,False,"[0, 1, 2]",122406,"{""0"": 90508, ""1"": 31898}","[""0"", ""1""]",122406,360,"{""0"": 90508, ""1"": 31898}",equal mean of evaluable folds; binary positive-class AP; multiclass macro OVR AUROC/AP,"capability across samples, models and keyword cells",fixed held-out predictions and folds; no refitting or generation uncertainty,1000,20260527,True,,0.934266238955964,0.9494720880600257,0.8558308864999584,0.8869482180564712,1000,
mlx,prefixed,item,source_modality=recommended,deterministic_strict_text_overcommit,hgb,3,0.6836375214849957,0.060693630680449806,0.11274716291952182,0.020559747382019752,5.483878805734905,0.5924965516173758,0.020559747382019752,1515,3,False,"[0, 1, 2]",30885,"{""0"": 30250, ""1"": 635}","[""0"", ""1""]",30885,360,"{""0"": 30250, ""1"": 635}",equal mean of evaluable folds; binary positive-class AP; multiclass macro OVR AUROC/AP,"capability across samples, models and keyword cells",fixed held-out predictions and folds; no refitting or generation uncertainty,1000,20260527,True,,0.6273177056753314,0.7384081788439698,0.06704826409834806,0.18502026405715188,1000,
mlx,prefixed,item,source_modality=recommended,sample_strict_text_overcommit,hgb,3,0.8933696908067604,0.01931144908937412,0.5860179959326758,0.034528282236031195,16.972115552309468,0.7697240436999837,0.034528282236031195,2164,3,False,"[0, 1, 2]",30236,"{""0"": 29192, ""1"": 1044}","[""0"", ""1""]",30236,360,"{""0"": 29192, ""1"": 1044}",equal mean of evaluable folds; binary positive-class AP; multiclass macro OVR AUROC/AP,"capability across samples, models and keyword cells",fixed held-out predictions and folds; no refitting or generation uncertainty,1000,20260527,True,,0.8740181981343341,0.9121124908805485,0.53898459958301,0.6547059268784049,1000,
mlx,prefixed,item,source_modality=optional,deterministic_strict_text_overcommit,hgb,3,0.7807410130718955,0.020263694595494857,0.17548829802811824,0.0019569471624266144,89.67452029236843,0.6808169934640523,0.0019569471624266144,1740,3,False,"[0, 1, 2]",30660,"{""0"": 30600, ""1"": 60}","[""0"", ""1""]",30660,360,"{""0"": 30600, ""1"": 60}",equal mean of evaluable folds; binary positive-class AP; multiclass macro OVR AUROC/AP,"capability across samples, models and keyword cells",fixed held-out predictions and folds; no refitting or generation uncertainty,1000,20260527,True,,0.5196808835081163,0.9554334193477144,0.03770445122174957,0.4101436759979227,949,
mlx,prefixed,item,source_modality=optional,sample_strict_text_overcommit,hgb,3,0.9135688748985714,0.01253199698499356,0.43702553718010834,0.01031963278186003,42.3489426821773,0.6749207021668591,0.01031963278186003,1682,3,False,"[0, 1, 2]",30718,"{""0"": 30401, ""1"": 317}","[""0"", ""1""]",30718,360,"{""0"": 30401, ""1"": 317}",equal mean of evaluable folds; binary positive-class AP; multiclass macro OVR AUROC/AP,"capability across samples, models and keyword cells",fixed held-out predictions and folds; no refitting or generation uncertainty,1000,20260527,True,,0.8881284785421721,0.9373664231755963,0.3626221751557116,0.5402551791101668,1000,
mlx,prefixed,item,source_modality=nice_to_have,deterministic_strict_text_overcommit,hgb,3,0.6412414269623571,0.2148310392955965,0.9981655414314522,0.9973174416956262,1.0008503809322578,0.6043686738592609,0.9973174416956262,715,3,False,"[0, 1, 2]",31685,"{""0"": 85, ""1"": 31600}","[""0"", ""1""]",31685,360,"{""0"": 85, ""1"": 31600}",equal mean of evaluable folds; binary positive-class AP; multiclass macro OVR AUROC/AP,"capability across samples, models and keyword cells",fixed held-out predictions and folds; no refitting or generation uncertainty,1000,20260527,True,,0.47865759852147594,0.8402961993095613,0.9959991302733606,0.9995198232113637,977,
mlx,prefixed,item,source_modality=nice_to_have,sample_strict_text_overcommit,hgb,3,0.9013209368390402,0.009980842356089783,0.9972255348845934,0.983731273527222,1.013717426415638,0.7558118553394261,0.983731273527222,1358,3,False,"[0, 1, 2]",31042,"{""0"": 505, ""1"": 30537}","[""0"", ""1""]",31042,360,"{""0"": 505, ""1"": 30537}",equal mean of evaluable folds; binary positive-class AP; multiclass macro OVR AUROC/AP,"capability across samples, models and keyword cells",fixed held-out predictions and folds; no refitting or generation uncertainty,1000,20260527,True,,0.8770997992058555,0.92425484297654,0.9964194398785816,0.9980670936190752,1000,
mlx,reqonly,seed,global,source_modality,hgb,3,0.8367956342402073,0.006989441787170749,0.6528966988361985,0.25,2.611586795344794,0.5938271604938271,,0,3,False,"[0, 1, 2]",129600,"{""mandatory"": 32400, ""nice_to_have"": 32400, ""optional"": 32400, ""recommended"": 32400}","[""mandatory"", ""nice_to_have"", ""optional"", ""recommended""]",129600,360,"{""mandatory"": 32400, ""nice_to_have"": 32400, ""optional"": 32400, ""recommended"": 32400}",equal mean of evaluable folds; binary positive-class AP; multiclass macro OVR AUROC/AP,"capability across samples, models and keyword cells",fixed held-out predictions and folds; no refitting or generation uncertainty,1000,20260527,True,,0.8287031738420956,0.8464001004760808,0.6404893164161042,0.6730818038111099,1000,
mlx,reqonly,seed,global,dataset_variant,hgb,3,0.8206847176973785,0.016576134299197836,0.5173942712913769,0.25,2.0695770851655078,0.4980324074074074,,0,3,False,"[0, 1, 2]",129600,"{""mlm_tapt/must"": 32400, ""mlm_tapt/shall"": 32400, ""nice/must"": 32400, ""nice/shall"": 32400}","[""mlm_tapt/must"", ""mlm_tapt/shall"", ""nice/must"", ""nice/shall""]",129600,360,"{""mlm_tapt/must"": 32400, ""mlm_tapt/shall"": 32400, ""nice/must"": 32400, ""nice/shall"": 32400}",equal mean of evaluable folds; binary positive-class AP; multiclass macro OVR AUROC/AP,"capability across samples, models and keyword cells",fixed held-out predictions and folds; no refitting or generation uncertainty,1000,20260527,True,,0.8077862470738071,0.831245666452393,0.5035008077967553,0.5330237412020934,1000,
mlx,reqonly,seed,global,deterministic_strict_text_overcommit,hgb,3,0.80970570800083,0.0059399940312706056,0.5904974710465886,0.2601493728724811,2.2698400712118425,0.7036437860250464,0.2601493728724811,5460,3,False,"[0, 1, 2]",124140,"{""0"": 91845, ""1"": 32295}","[""0"", ""1""]",124140,360,"{""0"": 91845, ""1"": 32295}",equal mean of evaluable folds; binary positive-class AP; multiclass macro OVR AUROC/AP,"capability across samples, models and keyword cells",fixed held-out predictions and folds; no refitting or generation uncertainty,1000,20260527,True,,0.7953542683848797,0.8240207225459679,0.5697182784751684,0.6183146305156396,1000,
mlx,reqonly,seed,global,sample_strict_text_overcommit,hgb,3,0.8149788684175969,0.008425881147104422,0.6059092572563197,0.2605898209917778,2.3251455292854186,0.6950318326994026,0.2605898209917778,7194,3,False,"[0, 1, 2]",122406,"{""0"": 90508, ""1"": 31898}","[""0"", ""1""]",122406,360,"{""0"": 90508, ""1"": 31898}",equal mean of evaluable folds; binary positive-class AP; multiclass macro OVR AUROC/AP,"capability across samples, models and keyword cells",fixed held-out predictions and folds; no refitting or generation uncertainty,1000,20260527,True,,0.8016715242582512,0.8288628705231635,0.5823311439433095,0.6343049762823243,1000,
mlx,reqonly,seed,source_modality=recommended,deterministic_strict_text_overcommit,hgb,3,0.6502839470719396,0.04130384793821076,0.04724527500149204,0.020565637243609245,2.297292052847692,0.506047715868715,0.020565637243609245,1515,3,False,"[0, 1, 2]",30885,"{""0"": 30250, ""1"": 635}","[""0"", ""1""]",30885,360,"{""0"": 30250, ""1"": 635}",equal mean of evaluable folds; binary positive-class AP; multiclass macro OVR AUROC/AP,"capability across samples, models and keyword cells",fixed held-out predictions and folds; no refitting or generation uncertainty,1000,20260527,True,,0.6030962834909196,0.7101624046217951,0.036300845543962464,0.06998044224036792,1000,
mlx,reqonly,seed,source_modality=recommended,sample_strict_text_overcommit,hgb,3,0.79510890232317,0.01391843357756237,0.18224860268738943,0.03452726763848815,5.278396327088267,0.6487053964821734,0.03452726763848815,2164,3,False,"[0, 1, 2]",30236,"{""0"": 29192, ""1"": 1044}","[""0"", ""1""]",30236,360,"{""0"": 29192, ""1"": 1044}",equal mean of evaluable folds; binary positive-class AP; multiclass macro OVR AUROC/AP,"capability across samples, models and keyword cells",fixed held-out predictions and folds; no refitting or generation uncertainty,1000,20260527,True,,0.7706142312458071,0.8195085752777378,0.16314238700997835,0.24706629299774036,1000,
mlx,reqonly,seed,source_modality=optional,deterministic_strict_text_overcommit,hgb,3,0.6450742437858382,0.22414795993045172,0.026758692349941254,0.0019565502327760797,13.676465802758509,0.5319614568022212,0.0019565502327760797,1740,3,False,"[0, 1, 2]",30660,"{""0"": 30600, ""1"": 60}","[""0"", ""1""]",30660,360,"{""0"": 30600, ""1"": 60}",equal mean of evaluable folds; binary positive-class AP; multiclass macro OVR AUROC/AP,"capability across samples, models and keyword cells",fixed held-out predictions and folds; no refitting or generation uncertainty,1000,20260527,True,,,,,,859,fewer than 90% defined bootstrap draws (missing fold classes)
mlx,reqonly,seed,source_modality=optional,sample_strict_text_overcommit,hgb,3,0.905111377695207,0.002580955719620512,0.3176911700764285,0.010319627579361895,30.785139059841214,0.6444899096535992,0.010319627579361895,1682,3,False,"[0, 1, 2]",30718,"{""0"": 30401, ""1"": 317}","[""0"", ""1""]",30718,360,"{""0"": 30401, ""1"": 317}",equal mean of evaluable folds; binary positive-class AP; multiclass macro OVR AUROC/AP,"capability across samples, models and keyword cells",fixed held-out predictions and folds; no refitting or generation uncertainty,1000,20260527,True,,0.8807400475433305,0.9279587154015327,0.2689995589393374,0.422480342883472,1000,
mlx,reqonly,seed,source_modality=nice_to_have,deterministic_strict_text_overcommit,hgb,3,0.565760202291066,0.10563435483599744,0.9977207641011588,0.9973183944764585,1.0004034515225315,0.5,0.9973183944764585,715,3,False,"[0, 1, 2]",31685,"{""0"": 85, ""1"": 31600}","[""0"", ""1""]",31685,360,"{""0"": 85, ""1"": 31600}",equal mean of evaluable folds; binary positive-class AP; multiclass macro OVR AUROC/AP,"capability across samples, models and keyword cells",fixed held-out predictions and folds; no refitting or generation uncertainty,1000,20260527,True,,0.33633253364666077,0.74772682959572,0.9955516334008764,0.9992359579611663,949,
mlx,reqonly,seed,source_modality=nice_to_have,sample_strict_text_overcommit,hgb,3,0.7428335217829071,0.016185191473109206,0.9935456703890115,0.983732511571053,1.0099754340763696,0.5381531059541366,0.983732511571053,1358,3,False,"[0, 1, 2]",31042,"{""0"": 505, ""1"": 30537}","[""0"", ""1""]",31042,360,"{""0"": 505, ""1"": 30537}",equal mean of evaluable folds; binary positive-class AP; multiclass macro OVR AUROC/AP,"capability across samples, models and keyword cells",fixed held-out predictions and folds; no refitting or generation uncertainty,1000,20260527,True,,0.7111495865299483,0.7768857854570689,0.9922873063960786,0.9948458925133352,1000,
mlx,reqonly,item,global,source_modality,hgb,3,0.7795957938004877,0.019454002994970136,0.6048284152269522,0.25,2.4193136609078087,0.5499768518518517,,0,3,False,"[0, 1, 2]",129600,"{""mandatory"": 32400, ""nice_to_have"": 32400, ""optional"": 32400, ""recommended"": 32400}","[""mandatory"", ""nice_to_have"", ""optional"", ""recommended""]",129600,360,"{""mandatory"": 32400, ""nice_to_have"": 32400, ""optional"": 32400, ""recommended"": 32400}",equal mean of evaluable folds; binary positive-class AP; multiclass macro OVR AUROC/AP,"capability across samples, models and keyword cells",fixed held-out predictions and folds; no refitting or generation uncertainty,1000,20260527,True,,0.7656571194435393,0.7939908473744857,0.5869039286707658,0.6268756891150384,1000,
mlx,reqonly,item,global,dataset_variant,hgb,3,0.7215875983558147,0.004174992785832343,0.33459870437186323,0.25,1.338394817487453,0.26502314814814815,,0,3,False,"[0, 1, 2]",129600,"{""mlm_tapt/must"": 32400, ""mlm_tapt/shall"": 32400, ""nice/must"": 32400, ""nice/shall"": 32400}","[""mlm_tapt/must"", ""mlm_tapt/shall"", ""nice/must"", ""nice/shall""]",129600,360,"{""mlm_tapt/must"": 32400, ""mlm_tapt/shall"": 32400, ""nice/must"": 32400, ""nice/shall"": 32400}",equal mean of evaluable folds; binary positive-class AP; multiclass macro OVR AUROC/AP,"capability across samples, models and keyword cells",fixed held-out predictions and folds; no refitting or generation uncertainty,1000,20260527,True,,0.7168059266677788,0.7254234544328615,0.3324777262933323,0.33893645529028527,1000,
mlx,reqonly,item,global,deterministic_strict_text_overcommit,hgb,3,0.8054303336119878,0.022721829524605483,0.595856552814106,0.2601498604317424,2.2904357966028805,0.7594600002650923,0.2601498604317424,5460,3,False,"[0, 1, 2]",124140,"{""0"": 91845, ""1"": 32295}","[""0"", ""1""]",124140,360,"{""0"": 91845, ""1"": 32295}",equal mean of evaluable folds; binary positive-class AP; multiclass macro OVR AUROC/AP,"capability across samples, models and keyword cells",fixed held-out predictions and folds; no refitting or generation uncertainty,1000,20260527,True,,0.785739064863069,0.826901271307465,0.5686007879642077,0.6258249291479023,1000,
mlx,reqonly,item,global,sample_strict_text_overcommit,hgb,3,0.8541226674066964,0.010596911515087721,0.6250147746846592,0.2605918557738292,2.3984432392511796,0.7878152444988652,0.2605918557738292,7194,3,False,"[0, 1, 2]",122406,"{""0"": 90508, ""1"": 31898}","[""0"", ""1""]",122406,360,"{""0"": 90508, ""1"": 31898}",equal mean of evaluable folds; binary positive-class AP; multiclass macro OVR AUROC/AP,"capability across samples, models and keyword cells",fixed held-out predictions and folds; no refitting or generation uncertainty,1000,20260527,True,,0.8398499657101124,0.8700300856638159,0.6017795852998398,0.6509270843888811,1000,
mlx,reqonly,item,source_modality=recommended,deterministic_strict_text_overcommit,hgb,3,0.7072563214710569,0.04890868824117729,0.11253203781955023,0.020559747382019752,5.4734153940998125,0.5902940654381613,0.020559747382019752,1515,3,False,"[0, 1, 2]",30885,"{""0"": 30250, ""1"": 635}","[""0"", ""1""]",30885,360,"{""0"": 30250, ""1"": 635}",equal mean of evaluable folds; binary positive-class AP; multiclass macro OVR AUROC/AP,"capability across samples, models and keyword cells",fixed held-out predictions and folds; no refitting or generation uncertainty,1000,20260527,True,,0.6501745112223607,0.7656628243112544,0.06933566839552194,0.18260932629305754,1000,
mlx,reqonly,item,source_modality=recommended,sample_strict_text_overcommit,hgb,3,0.9316363989171847,0.011395057437677845,0.6540199690890556,0.034528282236031195,18.94157272633065,0.7875526544720876,0.034528282236031195,2164,3,False,"[0, 1, 2]",30236,"{""0"": 29192, ""1"": 1044}","[""0"", ""1""]",30236,360,"{""0"": 29192, ""1"": 1044}",equal mean of evaluable folds; binary positive-class AP; multiclass macro OVR AUROC/AP,"capability across samples, models and keyword cells",fixed held-out predictions and folds; no refitting or generation uncertainty,1000,20260527,True,,0.9176730474664033,0.9456048084094989,0.6033900496809824,0.7182275275516817,1000,
mlx,reqonly,item,source_modality=optional,deterministic_strict_text_overcommit,hgb,3,0.855891339869281,0.04890262741236803,0.1724323649793551,0.0019569471624266144,88.11293850445047,0.6729575163398693,0.0019569471624266144,1740,3,False,"[0, 1, 2]",30660,"{""0"": 30600, ""1"": 60}","[""0"", ""1""]",30660,360,"{""0"": 30600, ""1"": 60}",equal mean of evaluable folds; binary positive-class AP; multiclass macro OVR AUROC/AP,"capability across samples, models and keyword cells",fixed held-out predictions and folds; no refitting or generation uncertainty,1000,20260527,True,,0.6979091953150403,0.9507796061455557,0.009239574685241614,0.402827126444725,949,
mlx,reqonly,item,source_modality=optional,sample_strict_text_overcommit,hgb,3,0.9663156035977717,0.005612108720500344,0.6393072383670853,0.01031963278186003,61.95058020774411,0.7281107160706893,0.01031963278186003,1682,3,False,"[0, 1, 2]",30718,"{""0"": 30401, ""1"": 317}","[""0"", ""1""]",30718,360,"{""0"": 30401, ""1"": 317}",equal mean of evaluable folds; binary positive-class AP; multiclass macro OVR AUROC/AP,"capability across samples, models and keyword cells",fixed held-out predictions and folds; no refitting or generation uncertainty,1000,20260527,True,,0.9519695104987106,0.9778215288695988,0.5595749489765094,0.7374143677714815,1000,
mlx,reqonly,item,source_modality=nice_to_have,deterministic_strict_text_overcommit,hgb,3,0.7060846846302735,0.24400853851403606,0.9982420883366546,0.9973174416956262,1.0009271337313186,0.5923399413432636,0.9973174416956262,715,3,False,"[0, 1, 2]",31685,"{""0"": 85, ""1"": 31600}","[""0"", ""1""]",31685,360,"{""0"": 85, ""1"": 31600}",equal mean of evaluable folds; binary positive-class AP; multiclass macro OVR AUROC/AP,"capability across samples, models and keyword cells",fixed held-out predictions and folds; no refitting or generation uncertainty,1000,20260527,True,,0.5043652978903951,0.8858936016071879,0.996468696726801,0.9995243456572399,977,
mlx,reqonly,item,source_modality=nice_to_have,sample_strict_text_overcommit,hgb,3,0.9116603348783706,0.021289322675411507,0.9976592685126802,0.983731273527222,1.0141583330328805,0.7751853274122148,0.983731273527222,1358,3,False,"[0, 1, 2]",31042,"{""0"": 505, ""1"": 30537}","[""0"", ""1""]",31042,360,"{""0"": 505, ""1"": 30537}",equal mean of evaluable folds; binary positive-class AP; multiclass macro OVR AUROC/AP,"capability across samples, models and keyword cells",fixed held-out predictions and folds; no refitting or generation uncertainty,1000,20260527,True,,0.8900907972119579,0.9328939323718634,0.9969979786610567,0.9983618643312575,1000,
tfidf,prefixed,seed,global,source_modality,hgb,3,0.9814362447130772,7.350924066880554e-05,0.9405952491470041,0.25,3.7623809965880164,0.920324074074074,,0,3,False,"[0, 1, 2]",129600,"{""mandatory"": 32400, ""nice_to_have"": 32400, ""optional"": 32400, ""recommended"": 32400}","[""mandatory"", ""nice_to_have"", ""optional"", ""recommended""]",129600,360,"{""mandatory"": 32400, ""nice_to_have"": 32400, ""optional"": 32400, ""recommended"": 32400}",equal mean of evaluable folds; binary positive-class AP; multiclass macro OVR AUROC/AP,"capability across samples, models and keyword cells",fixed held-out predictions and folds; no refitting or generation uncertainty,1000,20260527,True,,0.9807298802986856,0.9821560058894044,0.9383309888983346,0.9428350071594119,1000,
tfidf,prefixed,seed,global,dataset_variant,hgb,3,0.8266753295991465,0.005500767665172442,0.6017696140089405,0.25,2.407078456035762,0.5111033950617284,,0,3,False,"[0, 1, 2]",129600,"{""mlm_tapt/must"": 32400, ""mlm_tapt/shall"": 32400, ""nice/must"": 32400, ""nice/shall"": 32400}","[""mlm_tapt/must"", ""mlm_tapt/shall"", ""nice/must"", ""nice/shall""]",129600,360,"{""mlm_tapt/must"": 32400, ""mlm_tapt/shall"": 32400, ""nice/must"": 32400, ""nice/shall"": 32400}",equal mean of evaluable folds; binary positive-class AP; multiclass macro OVR AUROC/AP,"capability across samples, models and keyword cells",fixed held-out predictions and folds; no refitting or generation uncertainty,1000,20260527,True,,0.8099993853511063,0.8425732079781578,0.5772384318913563,0.6258547930810658,1000,
tfidf,prefixed,seed,global,deterministic_strict_text_overcommit,hgb,3,0.9620608129494185,0.0015584771621209425,0.9294890939213754,0.2601493728724811,3.5729053799295083,0.8790175481617043,0.2601493728724811,5460,3,False,"[0, 1, 2]",124140,"{""0"": 91845, ""1"": 32295}","[""0"", ""1""]",124140,360,"{""0"": 91845, ""1"": 32295}",equal mean of evaluable folds; binary positive-class AP; multiclass macro OVR AUROC/AP,"capability across samples, models and keyword cells",fixed held-out predictions and folds; no refitting or generation uncertainty,1000,20260527,True,,0.960344711767194,0.9635871564910962,0.9262486757602082,0.9320437746645793,1000,
tfidf,prefixed,seed,global,sample_strict_text_overcommit,hgb,3,0.9634449860815958,0.0002789624681096415,0.932907306044951,0.2605898209917778,3.5799836789265314,0.8888280419032998,0.2605898209917778,7194,3,False,"[0, 1, 2]",122406,"{""0"": 90508, ""1"": 31898}","[""0"", ""1""]",122406,360,"{""0"": 90508, ""1"": 31898}",equal mean of evaluable folds; binary positive-class AP; multiclass macro OVR AUROC/AP,"capability across samples, models and keyword cells",fixed held-out predictions and folds; no refitting or generation uncertainty,1000,20260527,True,,0.9617769411057443,0.9651679247310538,0.92980428659793,0.9355633025168296,1000,
tfidf,prefixed,seed,source_modality=recommended,deterministic_strict_text_overcommit,hgb,3,0.6288350099005396,0.05095936244146415,0.044880632971978925,0.020565637243609245,2.1823118068430163,0.5654783760345646,0.020565637243609245,1515,3,False,"[0, 1, 2]",30885,"{""0"": 30250, ""1"": 635}","[""0"", ""1""]",30885,360,"{""0"": 30250, ""1"": 635}",equal mean of evaluable folds; binary positive-class AP; multiclass macro OVR AUROC/AP,"capability across samples, models and keyword cells",fixed held-out predictions and folds; no refitting or generation uncertainty,1000,20260527,True,,0.5756805407706922,0.678447104651261,0.033763964660091635,0.07661305997195261,1000,
tfidf,prefixed,seed,source_modality=recommended,sample_strict_text_overcommit,hgb,3,0.7291036406042594,0.013866316105390256,0.12195652204342355,0.03452726763848815,3.5321799373280403,0.6484257194430404,0.03452726763848815,2164,3,False,"[0, 1, 2]",30236,"{""0"": 29192, ""1"": 1044}","[""0"", ""1""]",30236,360,"{""0"": 29192, ""1"": 1044}",equal mean of evaluable folds; binary positive-class AP; multiclass macro OVR AUROC/AP,"capability across samples, models and keyword cells",fixed held-out predictions and folds; no refitting or generation uncertainty,1000,20260527,True,,0.7060648178618094,0.75680988851004,0.10586401760440216,0.19179787430957349,1000,
tfidf,prefixed,seed,source_modality=optional,deterministic_strict_text_overcommit,hgb,3,0.5843976000975745,0.02566890683762108,0.00761976342870217,0.0019565502327760797,3.89448903537261,0.4986934509227503,0.0019565502327760797,1740,3,False,"[0, 1, 2]",30660,"{""0"": 30600, ""1"": 60}","[""0"", ""1""]",30660,360,"{""0"": 30600, ""1"": 60}",equal mean of evaluable folds; binary positive-class AP; multiclass macro OVR AUROC/AP,"capability across samples, models and keyword cells",fixed held-out predictions and folds; no refitting or generation uncertainty,1000,20260527,True,,,,,,859,fewer than 90% defined bootstrap draws (missing fold classes)
tfidf,prefixed,seed,source_modality=optional,sample_strict_text_overcommit,hgb,3,0.6958573562212971,0.05333279568027353,0.06720249549755371,0.010319627579361895,6.512104722843992,0.6314714789467617,0.010319627579361895,1682,3,False,"[0, 1, 2]",30718,"{""0"": 30401, ""1"": 317}","[""0"", ""1""]",30718,360,"{""0"": 30401, ""1"": 317}",equal mean of evaluable folds; binary positive-class AP; multiclass macro OVR AUROC/AP,"capability across samples, models and keyword cells",fixed held-out predictions and folds; no refitting or generation uncertainty,1000,20260527,True,,0.6513237856828326,0.7441891731503099,0.036350669629172126,0.1352986483418507,1000,
tfidf,prefixed,seed,source_modality=nice_to_have,deterministic_strict_text_overcommit,hgb,3,0.6260171685951018,0.11333437084462536,0.9983980205083935,0.9973183944764585,1.00108252894754,0.49912008805086616,0.9973183944764585,715,3,False,"[0, 1, 2]",31685,"{""0"": 85, ""1"": 31600}","[""0"", ""1""]",31685,360,"{""0"": 85, ""1"": 31600}",equal mean of evaluable folds; binary positive-class AP; multiclass macro OVR AUROC/AP,"capability across samples, models and keyword cells",fixed held-out predictions and folds; no refitting or generation uncertainty,1000,20260527,True,,0.4910509838104574,0.7895022982957668,0.9969564028136276,0.9994359025609529,949,
tfidf,prefixed,seed,source_modality=nice_to_have,sample_strict_text_overcommit,hgb,3,0.8162313940276672,0.04372298055209098,0.9951616153320219,0.983732511571053,1.0116181010859508,0.7291187406076012,0.983732511571053,1358,3,False,"[0, 1, 2]",31042,"{""0"": 505, ""1"": 30537}","[""0"", ""1""]",31042,360,"{""0"": 505, ""1"": 30537}",equal mean of evaluable folds; binary positive-class AP; multiclass macro OVR AUROC/AP,"capability across samples, models and keyword cells",fixed held-out predictions and folds; no refitting or generation uncertainty,1000,20260527,True,,0.7877444426877186,0.8459982605167468,0.9940918782748006,0.996215767747243,1000,
tfidf,prefixed,item,global,source_modality,hgb,3,0.9630720367036275,0.0023809326782577877,0.8852084456616961,0.25,3.5408337826467844,0.8464660493827161,,0,3,False,"[0, 1, 2]",129600,"{""mandatory"": 32400, ""nice_to_have"": 32400, ""optional"": 32400, ""recommended"": 32400}","[""mandatory"", ""nice_to_have"", ""optional"", ""recommended""]",129600,360,"{""mandatory"": 32400, ""nice_to_have"": 32400, ""optional"": 32400, ""recommended"": 32400}",equal mean of evaluable folds; binary positive-class AP; multiclass macro OVR AUROC/AP,"capability across samples, models and keyword cells",fixed held-out predictions and folds; no refitting or generation uncertainty,1000,20260527,True,,0.9606782944708996,0.9656636184125589,0.8798843500099813,0.8919780948287888,1000,
tfidf,prefixed,item,global,dataset_variant,hgb,3,0.7045665149653253,0.0011671425135220484,0.3230167990395551,0.25,1.2920671961582204,0.24813271604938272,,0,3,False,"[0, 1, 2]",129600,"{""mlm_tapt/must"": 32400, ""mlm_tapt/shall"": 32400, ""nice/must"": 32400, ""nice/shall"": 32400}","[""mlm_tapt/must"", ""mlm_tapt/shall"", ""nice/must"", ""nice/shall""]",129600,360,"{""mlm_tapt/must"": 32400, ""mlm_tapt/shall"": 32400, ""nice/must"": 32400, ""nice/shall"": 32400}",equal mean of evaluable folds; binary positive-class AP; multiclass macro OVR AUROC/AP,"capability across samples, models and keyword cells",fixed held-out predictions and folds; no refitting or generation uncertainty,1000,20260527,True,,0.6987434480887367,0.7101331860944315,0.32036032735075837,0.32867734336630994,1000,
tfidf,prefixed,item,global,deterministic_strict_text_overcommit,hgb,3,0.9251191330175402,0.003992577480280945,0.8745894218360603,0.2601498604317424,3.361867734176753,0.8301030773754672,0.2601498604317424,5460,3,False,"[0, 1, 2]",124140,"{""0"": 91845, ""1"": 32295}","[""0"", ""1""]",124140,360,"{""0"": 91845, ""1"": 32295}",equal mean of evaluable folds; binary positive-class AP; multiclass macro OVR AUROC/AP,"capability across samples, models and keyword cells",fixed held-out predictions and folds; no refitting or generation uncertainty,1000,20260527,True,,0.9202960379293865,0.9303201239995501,0.8679504121123238,0.8814603826867005,1000,
tfidf,prefixed,item,global,sample_strict_text_overcommit,hgb,3,0.9368404928929731,0.0017684128648709902,0.8926715379488758,0.2605918557738292,3.4255542457306727,0.8494780476121564,0.2605918557738292,7194,3,False,"[0, 1, 2]",122406,"{""0"": 90508, ""1"": 31898}","[""0"", ""1""]",122406,360,"{""0"": 90508, ""1"": 31898}",equal mean of evaluable folds; binary positive-class AP; multiclass macro OVR AUROC/AP,"capability across samples, models and keyword cells",fixed held-out predictions and folds; no refitting or generation uncertainty,1000,20260527,True,,0.9323563796520872,0.9412817397061456,0.8848104874708738,0.9001522642275515,1000,
tfidf,prefixed,item,source_modality=recommended,deterministic_strict_text_overcommit,hgb,3,0.6154861827625125,0.05984046821748168,0.12421892409425672,0.020559747382019752,6.041850699142865,0.5784973354371531,0.020559747382019752,1515,3,False,"[0, 1, 2]",30885,"{""0"": 30250, ""1"": 635}","[""0"", ""1""]",30885,360,"{""0"": 30250, ""1"": 635}",equal mean of evaluable folds; binary positive-class AP; multiclass macro OVR AUROC/AP,"capability across samples, models and keyword cells",fixed held-out predictions and folds; no refitting or generation uncertainty,1000,20260527,True,,0.5548485290103651,0.6771505300723464,0.0666314347553779,0.20391222591601402,1000,
tfidf,prefixed,item,source_modality=recommended,sample_strict_text_overcommit,hgb,3,0.9232133619770099,0.014908420434168176,0.5574872478914438,0.034528282236031195,16.145814728938088,0.8179678704588768,0.034528282236031195,2164,3,False,"[0, 1, 2]",30236,"{""0"": 29192, ""1"": 1044}","[""0"", ""1""]",30236,360,"{""0"": 29192, ""1"": 1044}",equal mean of evaluable folds; binary positive-class AP; multiclass macro OVR AUROC/AP,"capability across samples, models and keyword cells",fixed held-out predictions and folds; no refitting or generation uncertainty,1000,20260527,True,,0.9079316193376216,0.939996740661376,0.5028033336965175,0.6581976066402233,1000,
tfidf,prefixed,item,source_modality=optional,deterministic_strict_text_overcommit,hgb,3,0.7999215686274509,0.20240092350763988,0.14737036568047876,0.0019569471624266144,75.30625686272465,0.7287908496732026,0.0019569471624266144,1740,3,False,"[0, 1, 2]",30660,"{""0"": 30600, ""1"": 60}","[""0"", ""1""]",30660,360,"{""0"": 30600, ""1"": 60}",equal mean of evaluable folds; binary positive-class AP; multiclass macro OVR AUROC/AP,"capability across samples, models and keyword cells",fixed held-out predictions and folds; no refitting or generation uncertainty,1000,20260527,True,,0.6368838748383852,0.964687271708771,0.040702401601315594,0.29273321557559795,949,
tfidf,prefixed,item,source_modality=optional,sample_strict_text_overcommit,hgb,3,0.8420441197078822,0.015501928769811126,0.29481245531780625,0.01031963278186003,28.568114927115527,0.6678481046746635,0.01031963278186003,1682,3,False,"[0, 1, 2]",30718,"{""0"": 30401, ""1"": 317}","[""0"", ""1""]",30718,360,"{""0"": 30401, ""1"": 317}",equal mean of evaluable folds; binary positive-class AP; multiclass macro OVR AUROC/AP,"capability across samples, models and keyword cells",fixed held-out predictions and folds; no refitting or generation uncertainty,1000,20260527,True,,0.814350295522176,0.8696295203656884,0.22146573855464508,0.381012038349374,1000,
tfidf,prefixed,item,source_modality=nice_to_have,deterministic_strict_text_overcommit,hgb,3,0.8647451121264336,0.06795897866724462,0.9995131053957657,0.9973174416956262,1.0022015695387885,0.5932733830297506,0.9973174416956262,715,3,False,"[0, 1, 2]",31685,"{""0"": 85, ""1"": 31600}","[""0"", ""1""]",31685,360,"{""0"": 85, ""1"": 31600}",equal mean of evaluable folds; binary positive-class AP; multiclass macro OVR AUROC/AP,"capability across samples, models and keyword cells",fixed held-out predictions and folds; no refitting or generation uncertainty,1000,20260527,True,,0.7574779169308273,0.9535238862667925,0.9990142492632011,0.999875042538139,977,
tfidf,prefixed,item,source_modality=nice_to_have,sample_strict_text_overcommit,hgb,3,0.9333634039160247,0.01704572902330656,0.9984257135148576,0.983731273527222,1.0149374533300624,0.8333179812262898,0.983731273527222,1358,3,False,"[0, 1, 2]",31042,"{""0"": 505, ""1"": 30537}","[""0"", ""1""]",31042,360,"{""0"": 505, ""1"": 30537}",equal mean of evaluable folds; binary positive-class AP; multiclass macro OVR AUROC/AP,"capability across samples, models and keyword cells",fixed held-out predictions and folds; no refitting or generation uncertainty,1000,20260527,True,,0.9143480888711595,0.9512012592404844,0.9979136826872631,0.9988847926789678,1000,
tfidf,reqonly,seed,global,source_modality,hgb,3,0.8797914813862217,0.01114658647423656,0.699351011513006,0.25,2.797404046052024,0.6148533950617284,,0,3,False,"[0, 1, 2]",129600,"{""mandatory"": 32400, ""nice_to_have"": 32400, ""optional"": 32400, ""recommended"": 32400}","[""mandatory"", ""nice_to_have"", ""optional"", ""recommended""]",129600,360,"{""mandatory"": 32400, ""nice_to_have"": 32400, ""optional"": 32400, ""recommended"": 32400}",equal mean of evaluable folds; binary positive-class AP; multiclass macro OVR AUROC/AP,"capability across samples, models and keyword cells",fixed held-out predictions and folds; no refitting or generation uncertainty,1000,20260527,True,,0.8752748028589924,0.8841941047536476,0.6904506070056465,0.7087548907585062,1000,
tfidf,reqonly,seed,global,dataset_variant,hgb,3,0.8213188933661026,0.015144236071832209,0.568856714064225,0.25,2.2754268562569,0.5131172839506174,,0,3,False,"[0, 1, 2]",129600,"{""mlm_tapt/must"": 32400, ""mlm_tapt/shall"": 32400, ""nice/must"": 32400, ""nice/shall"": 32400}","[""mlm_tapt/must"", ""mlm_tapt/shall"", ""nice/must"", ""nice/shall""]",129600,360,"{""mlm_tapt/must"": 32400, ""mlm_tapt/shall"": 32400, ""nice/must"": 32400, ""nice/shall"": 32400}",equal mean of evaluable folds; binary positive-class AP; multiclass macro OVR AUROC/AP,"capability across samples, models and keyword cells",fixed held-out predictions and folds; no refitting or generation uncertainty,1000,20260527,True,,0.8039294466540359,0.8380810239221136,0.5477820203962263,0.5928751254924218,1000,
tfidf,reqonly,seed,global,deterministic_strict_text_overcommit,hgb,3,0.7118413261049777,0.009898235392164728,0.41524262360372727,0.2601493728724811,1.5961699965629714,0.6580631374624903,0.2601493728724811,5460,3,False,"[0, 1, 2]",124140,"{""0"": 91845, ""1"": 32295}","[""0"", ""1""]",124140,360,"{""0"": 91845, ""1"": 32295}",equal mean of evaluable folds; binary positive-class AP; multiclass macro OVR AUROC/AP,"capability across samples, models and keyword cells",fixed held-out predictions and folds; no refitting or generation uncertainty,1000,20260527,True,,0.7034971800857148,0.7200527543642762,0.40371254952041935,0.4290143413572006,1000,
tfidf,reqonly,seed,global,sample_strict_text_overcommit,hgb,3,0.7135881607451294,0.011421608009391114,0.40208221633650676,0.2605898209917778,1.5429697706772414,0.6807883021879962,0.2605898209917778,7194,3,False,"[0, 1, 2]",122406,"{""0"": 90508, ""1"": 31898}","[""0"", ""1""]",122406,360,"{""0"": 90508, ""1"": 31898}",equal mean of evaluable folds; binary positive-class AP; multiclass macro OVR AUROC/AP,"capability across samples, models and keyword cells",fixed held-out predictions and folds; no refitting or generation uncertainty,1000,20260527,True,,0.7056192982796808,0.72197260640518,0.3912599787136824,0.41541250332841434,1000,
tfidf,reqonly,seed,source_modality=recommended,deterministic_strict_text_overcommit,hgb,3,0.5833069378452401,0.05740415423600567,0.030405908005819743,0.020565637243609245,1.4784811987903927,0.5482103715088943,0.020565637243609245,1515,3,False,"[0, 1, 2]",30885,"{""0"": 30250, ""1"": 635}","[""0"", ""1""]",30885,360,"{""0"": 30250, ""1"": 635}",equal mean of evaluable folds; binary positive-class AP; multiclass macro OVR AUROC/AP,"capability across samples, models and keyword cells",fixed held-out predictions and folds; no refitting or generation uncertainty,1000,20260527,True,,0.5273957874957903,0.6382339471877833,0.024827399346332397,0.04610839804273358,1000,
tfidf,reqonly,seed,source_modality=recommended,sample_strict_text_overcommit,hgb,3,0.7462613547998975,0.02700506433759898,0.14769525556098598,0.03452726763848815,4.277640996889875,0.6432971692708507,0.03452726763848815,2164,3,False,"[0, 1, 2]",30236,"{""0"": 29192, ""1"": 1044}","[""0"", ""1""]",30236,360,"{""0"": 29192, ""1"": 1044}",equal mean of evaluable folds; binary positive-class AP; multiclass macro OVR AUROC/AP,"capability across samples, models and keyword cells",fixed held-out predictions and folds; no refitting or generation uncertainty,1000,20260527,True,,0.7221782253396897,0.775507814271668,0.12661930902871782,0.20139313088641558,1000,
tfidf,reqonly,seed,source_modality=optional,deterministic_strict_text_overcommit,hgb,3,0.6188833185855057,0.03548948319457529,0.006329701807211344,0.0019565502327760797,3.2351338090769866,0.49856279601502534,0.0019565502327760797,1740,3,False,"[0, 1, 2]",30660,"{""0"": 30600, ""1"": 60}","[""0"", ""1""]",30660,360,"{""0"": 30600, ""1"": 60}",equal mean of evaluable folds; binary positive-class AP; multiclass macro OVR AUROC/AP,"capability across samples, models and keyword cells",fixed held-out predictions and folds; no refitting or generation uncertainty,1000,20260527,True,,,,,,859,fewer than 90% defined bootstrap draws (missing fold classes)
tfidf,reqonly,seed,source_modality=optional,sample_strict_text_overcommit,hgb,3,0.6514123804966032,0.05599571627835591,0.05457791981527486,0.010319627579361895,5.288748978153496,0.5973086458660373,0.010319627579361895,1682,3,False,"[0, 1, 2]",30718,"{""0"": 30401, ""1"": 317}","[""0"", ""1""]",30718,360,"{""0"": 30401, ""1"": 317}",equal mean of evaluable folds; binary positive-class AP; multiclass macro OVR AUROC/AP,"capability across samples, models and keyword cells",fixed held-out predictions and folds; no refitting or generation uncertainty,1000,20260527,True,,0.6074730626688538,0.7009070486940501,0.03152006626464752,0.10994932102261588,1000,
tfidf,reqonly,seed,source_modality=nice_to_have,deterministic_strict_text_overcommit,hgb,3,0.6246673266572762,0.10513299366994659,0.9984510568497841,0.9973183944764585,1.001135707893887,0.5,0.9973183944764585,715,3,False,"[0, 1, 2]",31685,"{""0"": 85, ""1"": 31600}","[""0"", ""1""]",31685,360,"{""0"": 85, ""1"": 31600}",equal mean of evaluable folds; binary positive-class AP; multiclass macro OVR AUROC/AP,"capability across samples, models and keyword cells",fixed held-out predictions and folds; no refitting or generation uncertainty,1000,20260527,True,,0.4763325587395,0.7426992169042391,0.9967572135284487,0.9994520353844701,949,
tfidf,reqonly,seed,source_modality=nice_to_have,sample_strict_text_overcommit,hgb,3,0.7500354462255912,0.018404798523781293,0.9937863700103313,0.983732511571053,1.0102201140259377,0.6573268936828363,0.983732511571053,1358,3,False,"[0, 1, 2]",31042,"{""0"": 505, ""1"": 30537}","[""0"", ""1""]",31042,360,"{""0"": 505, ""1"": 30537}",equal mean of evaluable folds; binary positive-class AP; multiclass macro OVR AUROC/AP,"capability across samples, models and keyword cells",fixed held-out predictions and folds; no refitting or generation uncertainty,1000,20260527,True,,0.7184910657375269,0.7818766668440592,0.9924869755752119,0.9951141081919469,1000,
tfidf,reqonly,item,global,source_modality,hgb,3,0.7115169238683129,0.017791084474281845,0.46504279789893355,0.25,1.8601711915957342,0.436820987654321,,0,3,False,"[0, 1, 2]",129600,"{""mandatory"": 32400, ""nice_to_have"": 32400, ""optional"": 32400, ""recommended"": 32400}","[""mandatory"", ""nice_to_have"", ""optional"", ""recommended""]",129600,360,"{""mandatory"": 32400, ""nice_to_have"": 32400, ""optional"": 32400, ""recommended"": 32400}",equal mean of evaluable folds; binary positive-class AP; multiclass macro OVR AUROC/AP,"capability across samples, models and keyword cells",fixed held-out predictions and folds; no refitting or generation uncertainty,1000,20260527,True,,0.6974005871759182,0.7258399319552199,0.45394943010134997,0.4799244352621035,1000,
tfidf,reqonly,item,global,dataset_variant,hgb,3,0.730909784855586,0.0031601580646559856,0.3439677117900759,0.25,1.3758708471603036,0.3002237654320987,,0,3,False,"[0, 1, 2]",129600,"{""mlm_tapt/must"": 32400, ""mlm_tapt/shall"": 32400, ""nice/must"": 32400, ""nice/shall"": 32400}","[""mlm_tapt/must"", ""mlm_tapt/shall"", ""nice/must"", ""nice/shall""]",129600,360,"{""mlm_tapt/must"": 32400, ""mlm_tapt/shall"": 32400, ""nice/must"": 32400, ""nice/shall"": 32400}",equal mean of evaluable folds; binary positive-class AP; multiclass macro OVR AUROC/AP,"capability across samples, models and keyword cells",fixed held-out predictions and folds; no refitting or generation uncertainty,1000,20260527,True,,0.7250226715035891,0.7361005587911745,0.34054128507743264,0.3504734612755239,1000,
tfidf,reqonly,item,global,deterministic_strict_text_overcommit,hgb,3,0.5216909494975757,0.019603095845293968,0.260337073106569,0.2601498604317424,1.0007196339621938,0.5030178002889202,0.2601498604317424,5460,3,False,"[0, 1, 2]",124140,"{""0"": 91845, ""1"": 32295}","[""0"", ""1""]",124140,360,"{""0"": 91845, ""1"": 32295}",equal mean of evaluable folds; binary positive-class AP; multiclass macro OVR AUROC/AP,"capability across samples, models and keyword cells",fixed held-out predictions and folds; no refitting or generation uncertainty,1000,20260527,True,,0.5004480949806598,0.5451275758455193,0.2504692872302905,0.274812286689054,1000,
tfidf,reqonly,item,global,sample_strict_text_overcommit,hgb,3,0.5243092491677902,0.006220115411483741,0.2555054581521305,0.2605918557738292,0.9804813638300606,0.5005743048936087,0.2605918557738292,7194,3,False,"[0, 1, 2]",122406,"{""0"": 90508, ""1"": 31898}","[""0"", ""1""]",122406,360,"{""0"": 90508, ""1"": 31898}",equal mean of evaluable folds; binary positive-class AP; multiclass macro OVR AUROC/AP,"capability across samples, models and keyword cells",fixed held-out predictions and folds; no refitting or generation uncertainty,1000,20260527,True,,0.5053188648042367,0.5462232042747782,0.24671123361759248,0.2677427886823263,1000,
tfidf,reqonly,item,source_modality=recommended,deterministic_strict_text_overcommit,hgb,3,0.6221875652200545,0.04816901536689709,0.12288045102029284,0.020559747382019752,5.976749068802094,0.586547649420016,0.020559747382019752,1515,3,False,"[0, 1, 2]",30885,"{""0"": 30250, ""1"": 635}","[""0"", ""1""]",30885,360,"{""0"": 30250, ""1"": 635}",equal mean of evaluable folds; binary positive-class AP; multiclass macro OVR AUROC/AP,"capability across samples, models and keyword cells",fixed held-out predictions and folds; no refitting or generation uncertainty,1000,20260527,True,,0.5596194890480543,0.6849687343373377,0.06696195783196594,0.19944554479730386,1000,
tfidf,reqonly,item,source_modality=recommended,sample_strict_text_overcommit,hgb,3,0.9248653079124108,0.011759791864999813,0.6277168757750279,0.034528282236031195,18.17978871592947,0.8198722224270965,0.034528282236031195,2164,3,False,"[0, 1, 2]",30236,"{""0"": 29192, ""1"": 1044}","[""0"", ""1""]",30236,360,"{""0"": 29192, ""1"": 1044}",equal mean of evaluable folds; binary positive-class AP; multiclass macro OVR AUROC/AP,"capability across samples, models and keyword cells",fixed held-out predictions and folds; no refitting or generation uncertainty,1000,20260527,True,,0.910309689111095,0.940102170214779,0.5789185177904191,0.699809579742,1000,
tfidf,reqonly,item,source_modality=optional,deterministic_strict_text_overcommit,hgb,3,0.8073749999999998,0.13623552517561993,0.15334736454419498,0.0019569471624266144,78.36050328208364,0.7209150326797387,0.0019569471624266144,1740,3,False,"[0, 1, 2]",30660,"{""0"": 30600, ""1"": 60}","[""0"", ""1""]",30660,360,"{""0"": 30600, ""1"": 60}",equal mean of evaluable folds; binary positive-class AP; multiclass macro OVR AUROC/AP,"capability across samples, models and keyword cells",fixed held-out predictions and folds; no refitting or generation uncertainty,1000,20260527,True,,0.6047533121437517,0.9821243886256436,0.035453373056497935,0.2951324830462817,949,
tfidf,reqonly,item,source_modality=optional,sample_strict_text_overcommit,hgb,3,0.8171149412020169,0.010404683850148389,0.24844001535751092,0.01031963278186003,24.07450154565787,0.6847223898256813,0.01031963278186003,1682,3,False,"[0, 1, 2]",30718,"{""0"": 30401, ""1"": 317}","[""0"", ""1""]",30718,360,"{""0"": 30401, ""1"": 317}",equal mean of evaluable folds; binary positive-class AP; multiclass macro OVR AUROC/AP,"capability across samples, models and keyword cells",fixed held-out predictions and folds; no refitting or generation uncertainty,1000,20260527,True,,0.7852836915338927,0.8478598637824425,0.17907360994674112,0.3335192002352472,1000,
tfidf,reqonly,item,source_modality=nice_to_have,deterministic_strict_text_overcommit,hgb,3,0.782390327663122,0.10409166566589258,0.9991471158311892,0.9973174416956262,1.0018345955450776,0.5921656628374975,0.9973174416956262,715,3,False,"[0, 1, 2]",31685,"{""0"": 85, ""1"": 31600}","[""0"", ""1""]",31685,360,"{""0"": 85, ""1"": 31600}",equal mean of evaluable folds; binary positive-class AP; multiclass macro OVR AUROC/AP,"capability across samples, models and keyword cells",fixed held-out predictions and folds; no refitting or generation uncertainty,1000,20260527,True,,0.6436519472387844,0.9273297073096958,0.9982955877741743,0.9997970453308918,977,
tfidf,reqonly,item,source_modality=nice_to_have,sample_strict_text_overcommit,hgb,3,0.9362517411856185,0.011012468522231655,0.998617485290454,0.983731273527222,1.015132396584137,0.8052004647781027,0.983731273527222,1358,3,False,"[0, 1, 2]",31042,"{""0"": 505, ""1"": 30537}","[""0"", ""1""]",31042,360,"{""0"": 505, ""1"": 30537}",equal mean of evaluable folds; binary positive-class AP; multiclass macro OVR AUROC/AP,"capability across samples, models and keyword cells",fixed held-out predictions and folds; no refitting or generation uncertainty,1000,20260527,True,,0.9196137798437718,0.9514906673360712,0.9982395074493532,0.9989796429699394,1000,
