Seed,Capability,MUST source,SHOULD source,MAY source,Nice-to-have source,Mandatory candidate
S0003,operate between any combination of fixed and mobile equipment users,The system MUST operate between any combination of fixed and mobile equipment users.,The system SHOULD operate between any combination of fixed and mobile equipment users.,The system MAY operate between any combination of fixed and mobile equipment users.,It would be useful if the system could operate between any combination of fixed and mobile equipment users.,The system MUST operate between any combination of fixed and mobile equipment users.
S0004,support point-to-point voice calls between any two call parties,The system MUST support point-to-point voice calls between any two call parties.,The system SHOULD support point-to-point voice calls between any two call parties.,The system MAY support point-to-point voice calls between any two call parties.,It would be useful if the system could support point-to-point voice calls between any two call parties.,The system MUST support point-to-point voice calls between any two call parties.
S0005,allow both parties to talk simultaneously,The system MUST allow both parties to talk simultaneously.,The system SHOULD allow both parties to talk simultaneously.,The system MAY allow both parties to talk simultaneously.,It would be useful if the system could allow both parties to talk simultaneously.,The system MUST allow both parties to talk simultaneously.
S0008,support broadcast voice calls,The system MUST support broadcast voice calls.,The system SHOULD support broadcast voice calls.,The system MAY support broadcast voice calls.,It would be useful if the system could support broadcast voice calls.,The system MUST support broadcast voice calls.
S0020,support the transmission of point-to-point and point-to- multipoint text messages from the ground to mobile users,The system MUST support the transmission of point-to-point and point-to- multipoint text messages from the ground to mobile users.,The system SHOULD support the transmission of point-to-point and point-to- multipoint text messages from the ground to mobile users.,The system MAY support the transmission of point-to-point and point-to- multipoint text messages from the ground to mobile users.,It would be useful if the system could support the transmission of point-to-point and point-to- multipoint text messages from the ground to mobile users.,The system MUST support the transmission of point-to-point and point-to- multipoint text messages from the ground to mobile users.
S0021,support the receipt of mobile-originated text messages by the ground,The system MUST support the receipt of mobile-originated text messages by the ground.,The system SHOULD support the receipt of mobile-originated text messages by the ground.,The system MAY support the receipt of mobile-originated text messages by the ground.,It would be useful if the system could support the receipt of mobile-originated text messages by the ground.,The system MUST support the receipt of mobile-originated text messages by the ground.
S0024,support point-to-point data communications,The system MUST support point-to-point data communications.,The system SHOULD support point-to-point data communications.,The system MAY support point-to-point data communications.,It would be useful if the system could support point-to-point data communications.,The system MUST support point-to-point data communications.
S0029,support fax transmissions between the ground and mobile users,The system MUST support fax transmissions between the ground and mobile users.,The system SHOULD support fax transmissions between the ground and mobile users.,The system MAY support fax transmissions between the ground and mobile users.,It would be useful if the system could support fax transmissions between the ground and mobile users.,The system MUST support fax transmissions between the ground and mobile users.
S0040,allow calls with a higher assigned priority to override (pre-empt) existing calls of a lower priority,The system MUST allow calls with a higher assigned priority to override (pre-empt) existing calls of a lower priority.,The system SHOULD allow calls with a higher assigned priority to override (pre-empt) existing calls of a lower priority.,The system MAY allow calls with a higher assigned priority to override (pre-empt) existing calls of a lower priority.,It would be useful if the system could allow calls with a higher assigned priority to override (pre-empt) existing calls of a lower priority.,The system MUST allow calls with a higher assigned priority to override (pre-empt) existing calls of a lower priority.
S0045,be possible for the user who is attempting to forward a call to converse with the intended recipient prior to forwarding,The system MUST be possible for the user who is attempting to forward a call to converse with the intended recipient prior to forwarding.,The system SHOULD be possible for the user who is attempting to forward a call to converse with the intended recipient prior to forwarding.,The system MAY be possible for the user who is attempting to forward a call to converse with the intended recipient prior to forwarding.,It would be useful if the system could be possible for the user who is attempting to forward a call to converse with the intended recipient prior to forwarding.,The system MUST be possible for the user who is attempting to forward a call to converse with the intended recipient prior to forwarding.
S0047,allow the user to temporarily exit from an existing call by putting the call on hold,The system MUST allow the user to temporarily exit from an existing call by putting the call on hold.,The system SHOULD allow the user to temporarily exit from an existing call by putting the call on hold.,The system MAY allow the user to temporarily exit from an existing call by putting the call on hold.,It would be useful if the system could allow the user to temporarily exit from an existing call by putting the call on hold.,The system MUST allow the user to temporarily exit from an existing call by putting the call on hold.
S0049,"provide the ability to inform a user, who is involved in an existing call, of attempts by other users to contact them","The system MUST provide the ability to inform a user, who is involved in an existing call, of attempts by other users to contact them.","The system SHOULD provide the ability to inform a user, who is involved in an existing call, of attempts by other users to contact them.","The system MAY provide the ability to inform a user, who is involved in an existing call, of attempts by other users to contact them.","It would be useful if the system could provide the ability to inform a user, who is involved in an existing call, of attempts by other users to contact them.","The system MUST provide the ability to inform a user, who is involved in an existing call, of attempts by other users to contact them."
S0050,be possible for the network to provide information about call rates and on-going call charges,The system MUST be possible for the network to provide information about call rates and on-going call charges.,The system SHOULD be possible for the network to provide information about call rates and on-going call charges.,The system MAY be possible for the network to provide information about call rates and on-going call charges.,It would be useful if the system could be possible for the network to provide information about call rates and on-going call charges.,The system MUST be possible for the network to provide information about call rates and on-going call charges.
S0057,support all EIRENE-compliant mobiles,The system MUST support all EIRENE-compliant mobiles.,The system SHOULD support all EIRENE-compliant mobiles.,The system MAY support all EIRENE-compliant mobiles.,It would be useful if the system could support all EIRENE-compliant mobiles.,The system MUST support all EIRENE-compliant mobiles.
S0088,comply with the quality procedures defined in ISO 9001,The system MUST comply with the quality procedures defined in ISO 9001.,The system SHOULD comply with the quality procedures defined in ISO 9001.,The system MAY comply with the quality procedures defined in ISO 9001.,It would be useful if the system could comply with the quality procedures defined in ISO 9001.,The system MUST comply with the quality procedures defined in ISO 9001.
S0096,be provided with a handheld portable to allow communications whilst the driver is outside the train,The system MUST be provided with a handheld portable to allow communications whilst the driver is outside the train.,The system SHOULD be provided with a handheld portable to allow communications whilst the driver is outside the train.,The system MAY be provided with a handheld portable to allow communications whilst the driver is outside the train.,It would be useful if the system could be provided with a handheld portable to allow communications whilst the driver is outside the train.,The system MUST be provided with a handheld portable to allow communications whilst the driver is outside the train.
S0108,be provided to the driver that the call is proceeding,The system MUST be provided to the driver that the call is proceeding.,The system SHOULD be provided to the driver that the call is proceeding.,The system MAY be provided to the driver that the call is proceeding.,It would be useful if the system could be provided to the driver that the call is proceeding.,The system MUST be provided to the driver that the call is proceeding.
S0111,also be displayed,The system MUST also be displayed.,The system SHOULD also be displayed.,The system MAY also be displayed.,It would be useful if the system could also be displayed.,The system MUST also be displayed.
S0115,be displayed on the Cab radios of the participating drivers,The system MUST be displayed on the Cab radios of the participating drivers.,The system SHOULD be displayed on the Cab radios of the participating drivers.,The system MAY be displayed on the Cab radios of the participating drivers.,It would be useful if the system could be displayed on the Cab radios of the participating drivers.,The system MUST be displayed on the Cab radios of the participating drivers.
S0129,be displayed permanently at all Cab radios,The system MUST be displayed permanently at all Cab radios.,The system SHOULD be displayed permanently at all Cab radios.,The system MAY be displayed permanently at all Cab radios.,It would be useful if the system could be displayed permanently at all Cab radios.,The system MUST be displayed permanently at all Cab radios.
S0131,remove a member of the group,The system MUST remove a member of the group.,The system SHOULD remove a member of the group.,The system MAY remove a member of the group.,It would be useful if the system could remove a member of the group.,The system MUST remove a member of the group.
S0133,be given,The system MUST be given.,The system SHOULD be given.,The system MAY be given.,It would be useful if the system could be given.,The system MUST be given.
S0141,then be prompted to select the train staff with which he wishes to communicate,The system MUST then be prompted to select the train staff with which he wishes to communicate.,The system SHOULD then be prompted to select the train staff with which he wishes to communicate.,The system MAY then be prompted to select the train staff with which he wishes to communicate.,It would be useful if the system could then be prompted to select the train staff with which he wishes to communicate.,The system MUST then be prompted to select the train staff with which he wishes to communicate.
S0151,be informed if a broadcast call is ongoing by a visual indication displayed on the MMI,The system MUST be informed if a broadcast call is ongoing by a visual indication displayed on the MMI.,The system SHOULD be informed if a broadcast call is ongoing by a visual indication displayed on the MMI.,The system MAY be informed if a broadcast call is ongoing by a visual indication displayed on the MMI.,It would be useful if the system could be informed if a broadcast call is ongoing by a visual indication displayed on the MMI.,The system MUST be informed if a broadcast call is ongoing by a visual indication displayed on the MMI.
S0154,be displayed on the drivers MMI to remind the driver of the need to use the PTT button,The system MUST be displayed on the drivers MMI to remind the driver of the need to use the PTT button.,The system SHOULD be displayed on the drivers MMI to remind the driver of the need to use the PTT button.,The system MAY be displayed on the drivers MMI to remind the driver of the need to use the PTT button.,It would be useful if the system could be displayed on the drivers MMI to remind the driver of the need to use the PTT button.,The system MUST be displayed on the drivers MMI to remind the driver of the need to use the PTT button.
S0168,be provided via the loudspeaker,The system MUST be provided via the loudspeaker.,The system SHOULD be provided via the loudspeaker.,The system MAY be provided via the loudspeaker.,It would be useful if the system could be provided via the loudspeaker.,The system MUST be provided via the loudspeaker.
S0171,be provided,The system MUST be provided.,The system SHOULD be provided.,The system MAY be provided.,It would be useful if the system could be provided.,The system MUST be provided.
S0180,cause the disconnection of the Cab radio from the mobile network,The system MUST cause the disconnection of the Cab radio from the mobile network.,The system SHOULD cause the disconnection of the Cab radio from the mobile network.,The system MAY cause the disconnection of the Cab radio from the mobile network.,It would be useful if the system could cause the disconnection of the Cab radio from the mobile network.,The system MUST cause the disconnection of the Cab radio from the mobile network.
S0181,retain any numbers which are stored at the time the radio is switched off,The system MUST retain any numbers which are stored at the time the radio is switched off.,The system SHOULD retain any numbers which are stored at the time the radio is switched off.,The system MAY retain any numbers which are stored at the time the radio is switched off.,It would be useful if the system could retain any numbers which are stored at the time the radio is switched off.,The system MUST retain any numbers which are stored at the time the radio is switched off.
S0187,also apply on power failure,The system MUST also apply on power failure.,The system SHOULD also apply on power failure.,The system MAY also apply on power failure.,It would be useful if the system could also apply on power failure.,The system MUST also apply on power failure.
S0213,accept or reject the train number returned by the network,The system MUST accept or reject the train number returned by the network.,The system SHOULD accept or reject the train number returned by the network.,The system MAY accept or reject the train number returned by the network.,It would be useful if the system could accept or reject the train number returned by the network.,The system MUST accept or reject the train number returned by the network.
S0216,be warned (by audible and visual indications) if a train with the same train number is already registered on the same network,The system MUST be warned (by audible and visual indications) if a train with the same train number is already registered on the same network.,The system SHOULD be warned (by audible and visual indications) if a train with the same train number is already registered on the same network.,The system MAY be warned (by audible and visual indications) if a train with the same train number is already registered on the same network.,It would be useful if the system could be warned (by audible and visual indications) if a train with the same train number is already registered on the same network.,The system MUST be warned (by audible and visual indications) if a train with the same train number is already registered on the same network.
S0220,"indicate to the system their location in the train during the registration procedure (2nd driver, 3rd driver etc)","The system MUST indicate to the system their location in the train during the registration procedure (2nd driver, 3rd driver etc).","The system SHOULD indicate to the system their location in the train during the registration procedure (2nd driver, 3rd driver etc).","The system MAY indicate to the system their location in the train during the registration procedure (2nd driver, 3rd driver etc).","It would be useful if the system could indicate to the system their location in the train during the registration procedure (2nd driver, 3rd driver etc).","The system MUST indicate to the system their location in the train during the registration procedure (2nd driver, 3rd driver etc)."
S0221,be automatically registered/deregistered when the train number is registered/deregistered,The system MUST be automatically registered/deregistered when the train number is registered/deregistered.,The system SHOULD be automatically registered/deregistered when the train number is registered/deregistered.,The system MAY be automatically registered/deregistered when the train number is registered/deregistered.,It would be useful if the system could be automatically registered/deregistered when the train number is registered/deregistered.,The system MUST be automatically registered/deregistered when the train number is registered/deregistered.
S0233,be displayed in a similar format to the self-test when MMI is powered on,The system MUST be displayed in a similar format to the self-test when MMI is powered on.,The system SHOULD be displayed in a similar format to the self-test when MMI is powered on.,The system MAY be displayed in a similar format to the self-test when MMI is powered on.,It would be useful if the system could be displayed in a similar format to the self-test when MMI is powered on.,The system MUST be displayed in a similar format to the self-test when MMI is powered on.
S0238,be either put on hold or cleared down (pre-empted),The system MUST be either put on hold or cleared down (pre-empted).,The system SHOULD be either put on hold or cleared down (pre-empted).,The system MAY be either put on hold or cleared down (pre-empted).,It would be useful if the system could be either put on hold or cleared down (pre-empted).,The system MUST be either put on hold or cleared down (pre-empted).
S0241,be provided to the pre-empted parties,The system MUST be provided to the pre-empted parties.,The system SHOULD be provided to the pre-empted parties.,The system MAY be provided to the pre-empted parties.,It would be useful if the system could be provided to the pre-empted parties.,The system MUST be provided to the pre-empted parties.
S0243,perform a suite of run- time diagnostic tests on all physical interfaces,The system MUST perform a suite of run- time diagnostic tests on all physical interfaces.,The system SHOULD perform a suite of run- time diagnostic tests on all physical interfaces.,The system MAY perform a suite of run- time diagnostic tests on all physical interfaces.,It would be useful if the system could perform a suite of run- time diagnostic tests on all physical interfaces.,The system MUST perform a suite of run- time diagnostic tests on all physical interfaces.
S0245,be available to be recorded in a train-borne recorder,The system MUST be available to be recorded in a train-borne recorder.,The system SHOULD be available to be recorded in a train-borne recorder.,The system MAY be available to be recorded in a train-borne recorder.,It would be useful if the system could be available to be recorded in a train-borne recorder.,The system MUST be available to be recorded in a train-borne recorder.
S0259,"adjust the brightness of buttons, indicator lights and displays according to the ambient lighting in the cab","The system MUST adjust the brightness of buttons, indicator lights and displays according to the ambient lighting in the cab.","The system SHOULD adjust the brightness of buttons, indicator lights and displays according to the ambient lighting in the cab.","The system MAY adjust the brightness of buttons, indicator lights and displays according to the ambient lighting in the cab.","It would be useful if the system could adjust the brightness of buttons, indicator lights and displays according to the ambient lighting in the cab.","The system MUST adjust the brightness of buttons, indicator lights and displays according to the ambient lighting in the cab."
S0260,adjust the contrast of the display,The system MUST adjust the contrast of the display.,The system SHOULD adjust the contrast of the display.,The system MAY adjust the contrast of the display.,It would be useful if the system could adjust the contrast of the display.,The system MUST adjust the contrast of the display.
S0262,"be clearly readable from a normal drivers position, assuming a normal reading distance","The system MUST be clearly readable from a normal drivers position, assuming a normal reading distance.","The system SHOULD be clearly readable from a normal drivers position, assuming a normal reading distance.","The system MAY be clearly readable from a normal drivers position, assuming a normal reading distance.","It would be useful if the system could be clearly readable from a normal drivers position, assuming a normal reading distance.","The system MUST be clearly readable from a normal drivers position, assuming a normal reading distance."
S0269,give an audible and visual indication,The system MUST give an audible and visual indication.,The system SHOULD give an audible and visual indication.,The system MAY give an audible and visual indication.,It would be useful if the system could give an audible and visual indication.,The system MUST give an audible and visual indication.
S0270,be provided in traction units that are equipped with a DSD in order to support the transmission of a DSD alarm,The system MUST be provided in traction units that are equipped with a DSD in order to support the transmission of a DSD alarm.,The system SHOULD be provided in traction units that are equipped with a DSD in order to support the transmission of a DSD alarm.,The system MAY be provided in traction units that are equipped with a DSD in order to support the transmission of a DSD alarm.,It would be useful if the system could be provided in traction units that are equipped with a DSD in order to support the transmission of a DSD alarm.,The system MUST be provided in traction units that are equipped with a DSD in order to support the transmission of a DSD alarm.
S0272,automatically trigger the Cab radio to send a data message,The system MUST automatically trigger the Cab radio to send a data message.,The system SHOULD automatically trigger the Cab radio to send a data message.,The system MAY automatically trigger the Cab radio to send a data message.,It would be useful if the system could automatically trigger the Cab radio to send a data message.,The system MUST automatically trigger the Cab radio to send a data message.
S0274,be transmitted to the primary controller,The system MUST be transmitted to the primary controller.,The system SHOULD be transmitted to the primary controller.,The system MAY be transmitted to the primary controller.,It would be useful if the system could be transmitted to the primary controller.,The system MUST be transmitted to the primary controller.
S0275,also be provided if available from external systems,The system MUST also be provided if available from external systems.,The system SHOULD also be provided if available from external systems.,The system MAY also be provided if available from external systems.,It would be useful if the system could also be provided if available from external systems.,The system MUST also be provided if available from external systems.
S0277,provide a standardised interface to ERTMS/ETCS,The system MUST provide a standardised interface to ERTMS/ETCS.,The system SHOULD provide a standardised interface to ERTMS/ETCS.,The system MAY provide a standardised interface to ERTMS/ETCS.,It would be useful if the system could provide a standardised interface to ERTMS/ETCS.,The system MUST provide a standardised interface to ERTMS/ETCS.
S0279,be provided in the Cab radio system,The system MUST be provided in the Cab radio system.,The system SHOULD be provided in the Cab radio system.,The system MAY be provided in the Cab radio system.,It would be useful if the system could be provided in the Cab radio system.,The system MUST be provided in the Cab radio system.
S0287,be displayed,The system MUST be displayed.,The system SHOULD be displayed.,The system MAY be displayed.,It would be useful if the system could be displayed.,The system MUST be displayed.
S0288,be provided,The system MUST be provided.,The system SHOULD be provided.,The system MAY be provided.,It would be useful if the system could be provided.,The system MUST be provided.
S0291,be provided to remind the user of the need to use the PTT function,The system MUST be provided to remind the user of the need to use the PTT function.,The system SHOULD be provided to remind the user of the need to use the PTT function.,The system MAY be provided to remind the user of the need to use the PTT function.,It would be useful if the system could be provided to remind the user of the need to use the PTT function.,The system MUST be provided to remind the user of the need to use the PTT function.
S0303,be the default one set by the national railway,The system MUST be the default one set by the national railway.,The system SHOULD be the default one set by the national railway.,The system MAY be the default one set by the national railway.,It would be useful if the system could be the default one set by the national railway.,The system MUST be the default one set by the national railway.
S0305,be given,The system MUST be given.,The system SHOULD be given.,The system MAY be given.,It would be useful if the system could be given.,The system MUST be given.
S0308,be possible for the user to initiate the change,The system MUST be possible for the user to initiate the change.,The system SHOULD be possible for the user to initiate the change.,The system MAY be possible for the user to initiate the change.,It would be useful if the system could be possible for the user to initiate the change.,The system MUST be possible for the user to initiate the change.
S0311,be provided to allow a computer to be connected to the radio,The system MUST be provided to allow a computer to be connected to the radio.,The system SHOULD be provided to allow a computer to be connected to the radio.,The system MAY be provided to allow a computer to be connected to the radio.,It would be useful if the system could be provided to allow a computer to be connected to the radio.,The system MUST be provided to allow a computer to be connected to the radio.
S0318,be suitable for use with a car adapter kit,The system MUST be suitable for use with a car adapter kit.,The system SHOULD be suitable for use with a car adapter kit.,The system MAY be suitable for use with a car adapter kit.,It would be useful if the system could be suitable for use with a car adapter kit.,The system MUST be suitable for use with a car adapter kit.
S0320,be suitable for use both by day and night,The system MUST be suitable for use both by day and night.,The system SHOULD be suitable for use both by day and night.,The system MAY be suitable for use both by day and night.,It would be useful if the system could be suitable for use both by day and night.,The system MUST be suitable for use both by day and night.
S0321,be designed to prevent accidental activation/deactivation,The system MUST be designed to prevent accidental activation/deactivation.,The system SHOULD be designed to prevent accidental activation/deactivation.,The system MAY be designed to prevent accidental activation/deactivation.,It would be useful if the system could be designed to prevent accidental activation/deactivation.,The system MUST be designed to prevent accidental activation/deactivation.
S0322,be provided to adjust the loudspeaker volume,The system MUST be provided to adjust the loudspeaker volume.,The system SHOULD be provided to adjust the loudspeaker volume.,The system MAY be provided to adjust the loudspeaker volume.,It would be useful if the system could be provided to adjust the loudspeaker volume.,The system MUST be provided to adjust the loudspeaker volume.
S0325,be protected against accidental alteration,The system MUST be protected against accidental alteration.,The system SHOULD be protected against accidental alteration.,The system MAY be protected against accidental alteration.,It would be useful if the system could be protected against accidental alteration.,The system MUST be protected against accidental alteration.
S0327,be given when the remaining capacity of the battery is such as to enable only 10 minutes of full duplex call time,The system MUST be given when the remaining capacity of the battery is such as to enable only 10 minutes of full duplex call time.,The system SHOULD be given when the remaining capacity of the battery is such as to enable only 10 minutes of full duplex call time.,The system MAY be given when the remaining capacity of the battery is such as to enable only 10 minutes of full duplex call time.,It would be useful if the system could be given when the remaining capacity of the battery is such as to enable only 10 minutes of full duplex call time.,The system MUST be given when the remaining capacity of the battery is such as to enable only 10 minutes of full duplex call time.
S0328,be provided to the user,The system MUST be provided to the user.,The system SHOULD be provided to the user.,The system MAY be provided to the user.,It would be useful if the system could be provided to the user.,The system MUST be provided to the user.
S0337,attempt to establish a call to this number with railway operation priority,The system MUST attempt to establish a call to this number with railway operation priority.,The system SHOULD attempt to establish a call to this number with railway operation priority.,The system MAY attempt to establish a call to this number with railway operation priority.,It would be useful if the system could attempt to establish a call to this number with railway operation priority.,The system MUST attempt to establish a call to this number with railway operation priority.
S0338,be provided to the user that the call is proceeding,The system MUST be provided to the user that the call is proceeding.,The system SHOULD be provided to the user that the call is proceeding.,The system MAY be provided to the user that the call is proceeding.,It would be useful if the system could be provided to the user that the call is proceeding.,The system MUST be provided to the user that the call is proceeding.
S0339,be provided to the user,The system MUST be provided to the user.,The system SHOULD be provided to the user.,The system MAY be provided to the user.,It would be useful if the system could be provided to the user.,The system MUST be provided to the user.
S0340,be displayed to the user,The system MUST be displayed to the user.,The system SHOULD be displayed to the user.,The system MAY be displayed to the user.,It would be useful if the system could be displayed to the user.,The system MUST be displayed to the user.
S0341,be displayed,The system MUST be displayed.,The system SHOULD be displayed.,The system MAY be displayed.,It would be useful if the system could be displayed.,The system MUST be displayed.
S0348,be provided,The system MUST be provided.,The system SHOULD be provided.,The system MAY be provided.,It would be useful if the system could be provided.,The system MUST be provided.
S0355,be of a rugged design suitable for use in the railway environment by operational railway personnel,The system MUST be of a rugged design suitable for use in the railway environment by operational railway personnel.,The system SHOULD be of a rugged design suitable for use in the railway environment by operational railway personnel.,The system MAY be of a rugged design suitable for use in the railway environment by operational railway personnel.,It would be useful if the system could be of a rugged design suitable for use in the railway environment by operational railway personnel.,The system MUST be of a rugged design suitable for use in the railway environment by operational railway personnel.
S0357,be designed such that they are suitable for use by people wearing gloves,The system MUST be designed such that they are suitable for use by people wearing gloves.,The system SHOULD be designed such that they are suitable for use by people wearing gloves.,The system MAY be designed such that they are suitable for use by people wearing gloves.,It would be useful if the system could be designed such that they are suitable for use by people wearing gloves.,The system MUST be designed such that they are suitable for use by people wearing gloves.
S0362,be suitable for use with a car adapter kit,The system MUST be suitable for use with a car adapter kit.,The system SHOULD be suitable for use with a car adapter kit.,The system MAY be suitable for use with a car adapter kit.,It would be useful if the system could be suitable for use with a car adapter kit.,The system MUST be suitable for use with a car adapter kit.
S0364,be suitable for use by day and night,The system MUST be suitable for use by day and night.,The system SHOULD be suitable for use by day and night.,The system MAY be suitable for use by day and night.,It would be useful if the system could be suitable for use by day and night.,The system MUST be suitable for use by day and night.
S0367,be designed to avoid accidental use,The system MUST be designed to avoid accidental use.,The system SHOULD be designed to avoid accidental use.,The system MAY be designed to avoid accidental use.,It would be useful if the system could be designed to avoid accidental use.,The system MUST be designed to avoid accidental use.
S0368,be designed to avoid accidental use,The system MUST be designed to avoid accidental use.,The system SHOULD be designed to avoid accidental use.,The system MAY be designed to avoid accidental use.,It would be useful if the system could be designed to avoid accidental use.,The system MUST be designed to avoid accidental use.
S0369,be provided,The system MUST be provided.,The system SHOULD be provided.,The system MAY be provided.,It would be useful if the system could be provided.,The system MUST be provided.
S0370,be given when the remaining capacity of the battery is such as to enable only 10 minutes of full duplex call time,The system MUST be given when the remaining capacity of the battery is such as to enable only 10 minutes of full duplex call time.,The system SHOULD be given when the remaining capacity of the battery is such as to enable only 10 minutes of full duplex call time.,The system MAY be given when the remaining capacity of the battery is such as to enable only 10 minutes of full duplex call time.,It would be useful if the system could be given when the remaining capacity of the battery is such as to enable only 10 minutes of full duplex call time.,The system MUST be given when the remaining capacity of the battery is such as to enable only 10 minutes of full duplex call time.
S0384,enable users to originate and receive calls by functional number,The system MUST enable users to originate and receive calls by functional number.,The system SHOULD enable users to originate and receive calls by functional number.,The system MAY enable users to originate and receive calls by functional number.,It would be useful if the system could enable users to originate and receive calls by functional number.,The system MUST enable users to originate and receive calls by functional number.
S0385,be identified by a unique telephone number,The system MUST be identified by a unique telephone number.,The system SHOULD be identified by a unique telephone number.,The system MAY be identified by a unique telephone number.,It would be useful if the system could be identified by a unique telephone number.,The system MUST be identified by a unique telephone number.
S0387,be identified by a unique standard number,The system MUST be identified by a unique standard number.,The system SHOULD be identified by a unique standard number.,The system MAY be identified by a unique standard number.,It would be useful if the system could be identified by a unique standard number.,The system MUST be identified by a unique standard number.
S0389,be identified by a unique standard number,The system MUST be identified by a unique standard number.,The system SHOULD be identified by a unique standard number.,The system MAY be identified by a unique standard number.,It would be useful if the system could be identified by a unique standard number.,The system MUST be identified by a unique standard number.
S0394,be freely configurable within the operational responsibility of each railway network,The system MUST be freely configurable within the operational responsibility of each railway network.,The system SHOULD be freely configurable within the operational responsibility of each railway network.,The system MAY be freely configurable within the operational responsibility of each railway network.,It would be useful if the system could be freely configurable within the operational responsibility of each railway network.,The system MUST be freely configurable within the operational responsibility of each railway network.
S0399,be allocated on a bilateral basis,The system MUST be allocated on a bilateral basis.,The system SHOULD be allocated on a bilateral basis.,The system MAY be allocated on a bilateral basis.,It would be useful if the system could be allocated on a bilateral basis.,The system MUST be allocated on a bilateral basis.
S0400,receive calls from calling parties outside the EIRENE network,The system MUST receive calls from calling parties outside the EIRENE network.,The system SHOULD receive calls from calling parties outside the EIRENE network.,The system MAY receive calls from calling parties outside the EIRENE network.,It would be useful if the system could receive calls from calling parties outside the EIRENE network.,The system MUST receive calls from calling parties outside the EIRENE network.
S0405,be pre-empted before that of a higher priority,The system MUST be pre-empted before that of a higher priority.,The system SHOULD be pre-empted before that of a higher priority.,The system MAY be pre-empted before that of a higher priority.,It would be useful if the system could be pre-empted before that of a higher priority.,The system MUST be pre-empted before that of a higher priority.
S0411,prevent a user receiving calls from that group,The system MUST prevent a user receiving calls from that group.,The system SHOULD prevent a user receiving calls from that group.,The system MAY prevent a user receiving calls from that group.,It would be useful if the system could prevent a user receiving calls from that group.,The system MUST prevent a user receiving calls from that group.
S0413,be prevented from deactivating the emergency group(s) whilst operational,The system MUST be prevented from deactivating the emergency group(s) whilst operational.,The system SHOULD be prevented from deactivating the emergency group(s) whilst operational.,The system MAY be prevented from deactivating the emergency group(s) whilst operational.,It would be useful if the system could be prevented from deactivating the emergency group(s) whilst operational.,The system MUST be prevented from deactivating the emergency group(s) whilst operational.
S0418,make additional restrictions to the access matrix,The system MUST make additional restrictions to the access matrix.,The system SHOULD make additional restrictions to the access matrix.,The system MAY make additional restrictions to the access matrix.,It would be useful if the system could make additional restrictions to the access matrix.,The system MUST make additional restrictions to the access matrix.
S0421,be provided which permits users to be identified by numbers corresponding to their functional roles rather than by numbers tied to the terminal equipment that they are using,The system MUST be provided which permits users to be identified by numbers corresponding to their functional roles rather than by numbers tied to the terminal equipment that they are using.,The system SHOULD be provided which permits users to be identified by numbers corresponding to their functional roles rather than by numbers tied to the terminal equipment that they are using.,The system MAY be provided which permits users to be identified by numbers corresponding to their functional roles rather than by numbers tied to the terminal equipment that they are using.,It would be useful if the system could be provided which permits users to be identified by numbers corresponding to their functional roles rather than by numbers tied to the terminal equipment that they are using.,The system MUST be provided which permits users to be identified by numbers corresponding to their functional roles rather than by numbers tied to the terminal equipment that they are using.
S0426,"set up a functional number on one network, and cancel the number from another network","The system MUST set up a functional number on one network, and cancel the number from another network.","The system SHOULD set up a functional number on one network, and cancel the number from another network.","The system MAY set up a functional number on one network, and cancel the number from another network.","It would be useful if the system could set up a functional number on one network, and cancel the number from another network.","The system MUST set up a functional number on one network, and cancel the number from another network."
S0444,provide a means to prevent mis-allocation of functional numbers during registration,The system MUST provide a means to prevent mis-allocation of functional numbers during registration.,The system SHOULD provide a means to prevent mis-allocation of functional numbers during registration.,The system MAY provide a means to prevent mis-allocation of functional numbers during registration.,It would be useful if the system could provide a means to prevent mis-allocation of functional numbers during registration.,The system MUST provide a means to prevent mis-allocation of functional numbers during registration.
S0451,remove the displayed functional number and provide an indication to the user that deregistration has taken place,The system MUST remove the displayed functional number and provide an indication to the user that deregistration has taken place.,The system SHOULD remove the displayed functional number and provide an indication to the user that deregistration has taken place.,The system MAY remove the displayed functional number and provide an indication to the user that deregistration has taken place.,It would be useful if the system could remove the displayed functional number and provide an indication to the user that deregistration has taken place.,The system MUST remove the displayed functional number and provide an indication to the user that deregistration has taken place.
S0452,support a procedure for the re-registration of functional numbers after selection of a new network,The system MUST support a procedure for the re-registration of functional numbers after selection of a new network.,The system SHOULD support a procedure for the re-registration of functional numbers after selection of a new network.,The system MAY support a procedure for the re-registration of functional numbers after selection of a new network.,It would be useful if the system could support a procedure for the re-registration of functional numbers after selection of a new network.,The system MUST support a procedure for the re-registration of functional numbers after selection of a new network.
S0454,be displayed to the user,The system MUST be displayed to the user.,The system SHOULD be displayed to the user.,The system MAY be displayed to the user.,It would be useful if the system could be displayed to the user.,The system MUST be displayed to the user.
S0455,be provided to route calls for a given function to a destination number that is dependent upon the users location,The system MUST be provided to route calls for a given function to a destination number that is dependent upon the users location.,The system SHOULD be provided to route calls for a given function to a destination number that is dependent upon the users location.,The system MAY be provided to route calls for a given function to a destination number that is dependent upon the users location.,It would be useful if the system could be provided to route calls for a given function to a destination number that is dependent upon the users location.,The system MUST be provided to route calls for a given function to a destination number that is dependent upon the users location.
S0459,be available to all mobiles,The system MUST be available to all mobiles.,The system SHOULD be available to all mobiles.,The system MAY be available to all mobiles.,It would be useful if the system could be available to all mobiles.,The system MUST be available to all mobiles.
S0460,be derived from that available from the network itself (eg current cell or base station serving the mobile),The system MUST be derived from that available from the network itself (eg current cell or base station serving the mobile).,The system SHOULD be derived from that available from the network itself (eg current cell or base station serving the mobile).,The system MAY be derived from that available from the network itself (eg current cell or base station serving the mobile).,It would be useful if the system could be derived from that available from the network itself (eg current cell or base station serving the mobile).,The system MUST be derived from that available from the network itself (eg current cell or base station serving the mobile).
S0471,be provided,The system MUST be provided.,The system SHOULD be provided.,The system MAY be provided.,It would be useful if the system could be provided.,The system MUST be provided.
S0475,"be determined automatically, based upon the mode of operation of the radio","The system MUST be determined automatically, based upon the mode of operation of the radio.","The system SHOULD be determined automatically, based upon the mode of operation of the radio.","The system MAY be determined automatically, based upon the mode of operation of the radio.","It would be useful if the system could be determined automatically, based upon the mode of operation of the radio.","The system MUST be determined automatically, based upon the mode of operation of the radio."
S0478,be informed when a Train emergency call is initiated,The system MUST be informed when a Train emergency call is initiated.,The system SHOULD be informed when a Train emergency call is initiated.,The system MAY be informed when a Train emergency call is initiated.,It would be useful if the system could be informed when a Train emergency call is initiated.,The system MUST be informed when a Train emergency call is initiated.
S0479,be sent to all users involved in shunting operations in the shunting area,The system MUST be sent to all users involved in shunting operations in the shunting area.,The system SHOULD be sent to all users involved in shunting operations in the shunting area.,The system MAY be sent to all users involved in shunting operations in the shunting area.,It would be useful if the system could be sent to all users involved in shunting operations in the shunting area.,The system MUST be sent to all users involved in shunting operations in the shunting area.
S0480,automatically take priority over the link assurance signal,The system MUST automatically take priority over the link assurance signal.,The system SHOULD automatically take priority over the link assurance signal.,The system MAY automatically take priority over the link assurance signal.,It would be useful if the system could automatically take priority over the link assurance signal.,The system MUST automatically take priority over the link assurance signal.
S0482,be initiated by using a simple MMI action (eg a single MMI action for the Cab and Operational radios),The system MUST be initiated by using a simple MMI action (eg a single MMI action for the Cab and Operational radios).,The system SHOULD be initiated by using a simple MMI action (eg a single MMI action for the Cab and Operational radios).,The system MAY be initiated by using a simple MMI action (eg a single MMI action for the Cab and Operational radios).,It would be useful if the system could be initiated by using a simple MMI action (eg a single MMI action for the Cab and Operational radios).,The system MUST be initiated by using a simple MMI action (eg a single MMI action for the Cab and Operational radios).
S0485,be provided with an audible and visual indication that the system is trying to connect the call,The system MUST be provided with an audible and visual indication that the system is trying to connect the call.,The system SHOULD be provided with an audible and visual indication that the system is trying to connect the call.,The system MAY be provided with an audible and visual indication that the system is trying to connect the call.,It would be useful if the system could be provided with an audible and visual indication that the system is trying to connect the call.,The system MUST be provided with an audible and visual indication that the system is trying to connect the call.
S0488,be provided,The system MUST be provided.,The system SHOULD be provided.,The system MAY be provided.,It would be useful if the system could be provided.,The system MUST be provided.
S0489,be provided at the originating and all receiving terminals,The system MUST be provided at the originating and all receiving terminals.,The system SHOULD be provided at the originating and all receiving terminals.,The system MAY be provided at the originating and all receiving terminals.,It would be useful if the system could be provided at the originating and all receiving terminals.,The system MUST be provided at the originating and all receiving terminals.
S0491,"be established immediately following the warning tone, to allow the originator of the emergency call, to give information concerning the nature of the emergency","The system MUST be established immediately following the warning tone, to allow the originator of the emergency call, to give information concerning the nature of the emergency.","The system SHOULD be established immediately following the warning tone, to allow the originator of the emergency call, to give information concerning the nature of the emergency.","The system MAY be established immediately following the warning tone, to allow the originator of the emergency call, to give information concerning the nature of the emergency.","It would be useful if the system could be established immediately following the warning tone, to allow the originator of the emergency call, to give information concerning the nature of the emergency.","The system MUST be established immediately following the warning tone, to allow the originator of the emergency call, to give information concerning the nature of the emergency."
S0494,be received by the same set of users who received the warning tone,The system MUST be received by the same set of users who received the warning tone.,The system SHOULD be received by the same set of users who received the warning tone.,The system MAY be received by the same set of users who received the warning tone.,It would be useful if the system could be received by the same set of users who received the warning tone.,The system MUST be received by the same set of users who received the warning tone.
S0501,commence at the end of the call or if the radio moves out of the call area,The system MUST commence at the end of the call or if the radio moves out of the call area.,The system SHOULD commence at the end of the call or if the radio moves out of the call area.,The system MAY commence at the end of the call or if the radio moves out of the call area.,It would be useful if the system could commence at the end of the call or if the radio moves out of the call area.,The system MUST commence at the end of the call or if the radio moves out of the call area.
S0512,speak to all other members using the PTT function,The system MUST speak to all other members using the PTT function.,The system SHOULD speak to all other members using the PTT function.,The system MAY speak to all other members using the PTT function.,It would be useful if the system could speak to all other members using the PTT function.,The system MUST speak to all other members using the PTT function.
S0516,enable the link assurance signal to be activated and de-activated by the shunting group member,The system MUST enable the link assurance signal to be activated and de-activated by the shunting group member.,The system SHOULD enable the link assurance signal to be activated and de-activated by the shunting group member.,The system MAY enable the link assurance signal to be activated and de-activated by the shunting group member.,It would be useful if the system could enable the link assurance signal to be activated and de-activated by the shunting group member.,The system MUST enable the link assurance signal to be activated and de-activated by the shunting group member.
S0517,be used to reassure the driver of the integrity of the member at the head of the shunting movement,The system MUST be used to reassure the driver of the integrity of the member at the head of the shunting movement.,The system SHOULD be used to reassure the driver of the integrity of the member at the head of the shunting movement.,The system MAY be used to reassure the driver of the integrity of the member at the head of the shunting movement.,It would be useful if the system could be used to reassure the driver of the integrity of the member at the head of the shunting movement.,The system MUST be used to reassure the driver of the integrity of the member at the head of the shunting movement.
S0541,provide the driver with information to allow him to drive the train safely,The system MUST provide the driver with information to allow him to drive the train safely.,The system SHOULD provide the driver with information to allow him to drive the train safely.,The system MAY provide the driver with information to allow him to drive the train safely.,It would be useful if the system could provide the driver with information to allow him to drive the train safely.,The system MUST provide the driver with information to allow him to drive the train safely.
S0544,ETCS is required to be functional to a maximum train speed of 500 km/h,The system MUST ETCS is required to be functional to a maximum train speed of 500 km/h.,The system SHOULD ETCS is required to be functional to a maximum train speed of 500 km/h.,The system MAY ETCS is required to be functional to a maximum train speed of 500 km/h.,It would be useful if the system could ETCS is required to be functional to a maximum train speed of 500 km/h.,The system MUST ETCS is required to be functional to a maximum train speed of 500 km/h.
S0560,be indicated to the driver on the DMI,The system MUST be indicated to the driver on the DMI.,The system SHOULD be indicated to the driver on the DMI.,The system MAY be indicated to the driver on the DMI.,It would be useful if the system could be indicated to the driver on the DMI.,The system MUST be indicated to the driver on the DMI.
S0562,be applicable to a defined area,The system MUST be applicable to a defined area.,The system SHOULD be applicable to a defined area.,The system MAY be applicable to a defined area.,It would be useful if the system could be applicable to a defined area.,The system MUST be applicable to a defined area.
S0563,remain valid even if the onboard equipment is switched off,The system MUST remain valid even if the onboard equipment is switched off.,The system SHOULD remain valid even if the onboard equipment is switched off.,The system MAY remain valid even if the onboard equipment is switched off.,It would be useful if the system could remain valid even if the onboard equipment is switched off.,The system MUST remain valid even if the onboard equipment is switched off.
S0565,"be harmonised values, permanently stored in all ERTMS/ETCS on board equipment","The system MUST be harmonised values, permanently stored in all ERTMS/ETCS on board equipment.","The system SHOULD be harmonised values, permanently stored in all ERTMS/ETCS on board equipment.","The system MAY be harmonised values, permanently stored in all ERTMS/ETCS on board equipment.","It would be useful if the system could be harmonised values, permanently stored in all ERTMS/ETCS on board equipment.","The system MUST be harmonised values, permanently stored in all ERTMS/ETCS on board equipment."
S0568,indicate the result of the self-test,The system MUST indicate the result of the self-test.,The system SHOULD indicate the result of the self-test.,The system MAY indicate the result of the self-test.,It would be useful if the system could indicate the result of the self-test.,The system MUST indicate the result of the self-test.
S0569,be entered before the on-board ETCS equipment allows train movement,The system MUST be entered before the on-board ETCS equipment allows train movement.,The system SHOULD be entered before the on-board ETCS equipment allows train movement.,The system MAY be entered before the on-board ETCS equipment allows train movement.,It would be useful if the system could be entered before the on-board ETCS equipment allows train movement.,The system MUST be entered before the on-board ETCS equipment allows train movement.
S0571,be possible but only when stationary,The system MUST be possible but only when stationary.,The system SHOULD be possible but only when stationary.,The system MAY be possible but only when stationary.,It would be useful if the system could be possible but only when stationary.,The system MUST be possible but only when stationary.
S0572,be entered automatically from a railway management system or from train memory,The system MUST be entered automatically from a railway management system or from train memory.,The system SHOULD be entered automatically from a railway management system or from train memory.,The system MAY be entered automatically from a railway management system or from train memory.,It would be useful if the system could be entered automatically from a railway management system or from train memory.,The system MUST be entered automatically from a railway management system or from train memory.
S0577,be possible,The system MUST be possible.,The system SHOULD be possible.,The system MAY be possible.,It would be useful if the system could be possible.,The system MUST be possible.
S0578,be possible,The system MUST be possible.,The system SHOULD be possible.,The system MAY be possible.,It would be useful if the system could be possible.,The system MUST be possible.
S0579,perform shunting movements or train movements,The system MUST perform shunting movements or train movements.,The system SHOULD perform shunting movements or train movements.,The system MAY perform shunting movements or train movements.,It would be useful if the system could perform shunting movements or train movements.,The system MUST perform shunting movements or train movements.
S0582,be asked to enter the RBC contact details,The system MUST be asked to enter the RBC contact details.,The system SHOULD be asked to enter the RBC contact details.,The system MAY be asked to enter the RBC contact details.,It would be useful if the system could be asked to enter the RBC contact details.,The system MUST be asked to enter the RBC contact details.
S0584,only be possible when stationary,The system MUST only be possible when stationary.,The system SHOULD only be possible when stationary.,The system MAY only be possible when stationary.,It would be useful if the system could only be possible when stationary.,The system MUST only be possible when stationary.
S0585,be obtained from the RBC if the train is operating under the control of the RBC,The system MUST be obtained from the RBC if the train is operating under the control of the RBC.,The system SHOULD be obtained from the RBC if the train is operating under the control of the RBC.,The system MAY be obtained from the RBC if the train is operating under the control of the RBC.,It would be useful if the system could be obtained from the RBC if the train is operating under the control of the RBC.,The system MUST be obtained from the RBC if the train is operating under the control of the RBC.
S0586,be indicated to the driver,The system MUST be indicated to the driver.,The system SHOULD be indicated to the driver.,The system MAY be indicated to the driver.,It would be useful if the system could be indicated to the driver.,The system MUST be indicated to the driver.
S0590,supervise Shunting operation to a permitted national speed value,The system MUST supervise Shunting operation to a permitted national speed value.,The system SHOULD supervise Shunting operation to a permitted national speed value.,The system MAY supervise Shunting operation to a permitted national speed value.,It would be useful if the system could supervise Shunting operation to a permitted national speed value.,The system MUST supervise Shunting operation to a permitted national speed value.
S0593,only be possible when the train is stationary,The system MUST only be possible when the train is stationary.,The system SHOULD only be possible when the train is stationary.,The system MAY only be possible when the train is stationary.,It would be useful if the system could only be possible when the train is stationary.,The system MUST only be possible when the train is stationary.
S0597,be indicated on the DMI,The system MUST be indicated on the DMI.,The system SHOULD be indicated on the DMI.,The system MAY be indicated on the DMI.,It would be useful if the system could be indicated on the DMI.,The system MUST be indicated on the DMI.
S0599,have the capability of being supervised to a ceiling speed,The system MUST have the capability of being supervised to a ceiling speed.,The system SHOULD have the capability of being supervised to a ceiling speed.,The system MAY have the capability of being supervised to a ceiling speed.,It would be useful if the system could have the capability of being supervised to a ceiling speed.,The system MUST have the capability of being supervised to a ceiling speed.
S0603,occur automatically when a movement authority and all other necessary information is received through track-to-train transmission,The system MUST occur automatically when a movement authority and all other necessary information is received through track-to-train transmission.,The system SHOULD occur automatically when a movement authority and all other necessary information is received through track-to-train transmission.,The system MAY occur automatically when a movement authority and all other necessary information is received through track-to-train transmission.,It would be useful if the system could occur automatically when a movement authority and all other necessary information is received through track-to-train transmission.,The system MUST occur automatically when a movement authority and all other necessary information is received through track-to-train transmission.
S0605,provide supervision of speed and distance,The system MUST provide supervision of speed and distance.,The system SHOULD provide supervision of speed and distance.,The system MAY provide supervision of speed and distance.,It would be useful if the system could provide supervision of speed and distance.,The system MUST provide supervision of speed and distance.
S0612,be possible if ordered by trackside,The system MUST be possible if ordered by trackside.,The system SHOULD be possible if ordered by trackside.,The system MAY be possible if ordered by trackside.,It would be useful if the system could be possible if ordered by trackside.,The system MUST be possible if ordered by trackside.
S0613,be possible if selected by the driver at start up,The system MUST be possible if selected by the driver at start up.,The system SHOULD be possible if selected by the driver at start up.,The system MAY be possible if selected by the driver at start up.,It would be useful if the system could be possible if selected by the driver at start up.,The system MUST be possible if selected by the driver at start up.
S0619,"also be possible, to allow the driver to change the adhesion conditions; in this case information from trackside has priority","The system MUST also be possible, to allow the driver to change the adhesion conditions; in this case information from trackside has priority.","The system SHOULD also be possible, to allow the driver to change the adhesion conditions; in this case information from trackside has priority.","The system MAY also be possible, to allow the driver to change the adhesion conditions; in this case information from trackside has priority.","It would be useful if the system could also be possible, to allow the driver to change the adhesion conditions; in this case information from trackside has priority.","The system MUST also be possible, to allow the driver to change the adhesion conditions; in this case information from trackside has priority."
S0620,send information for the calculation of speed profiles,The system MUST send information for the calculation of speed profiles.,The system SHOULD send information for the calculation of speed profiles.,The system MAY send information for the calculation of speed profiles.,It would be useful if the system could send information for the calculation of speed profiles.,The system MUST send information for the calculation of speed profiles.
S0622,provide the capability to send different speed profiles for specific train categories,The system MUST provide the capability to send different speed profiles for specific train categories.,The system SHOULD provide the capability to send different speed profiles for specific train categories.,The system MAY provide the capability to send different speed profiles for specific train categories.,It would be useful if the system could provide the capability to send different speed profiles for specific train categories.,The system MUST provide the capability to send different speed profiles for specific train categories.
S0623,"supervise the end of movement authority, if this information is available on-board","The system MUST supervise the end of movement authority, if this information is available on-board.","The system SHOULD supervise the end of movement authority, if this information is available on-board.","The system MAY supervise the end of movement authority, if this information is available on-board.","It would be useful if the system could supervise the end of movement authority, if this information is available on-board.","The system MUST supervise the end of movement authority, if this information is available on-board."
S0627,be defined as data National Value,The system MUST be defined as data National Value.,The system SHOULD be defined as data National Value.,The system MAY be defined as data National Value.,It would be useful if the system could be defined as data National Value.,The system MUST be defined as data National Value.
S0628,be requested,The system MUST be requested.,The system SHOULD be requested.,The system MAY be requested.,It would be useful if the system could be requested.,The system MUST be requested.
S0629,be supervised according to train speed data available,The system MUST be supervised according to train speed data available.,The system SHOULD be supervised according to train speed data available.,The system MAY be supervised according to train speed data available.,It would be useful if the system could be supervised according to train speed data available.,The system MUST be supervised according to train speed data available.
S0637,calculate an emergency braking curve and a service braking curve,The system MUST calculate an emergency braking curve and a service braking curve.,The system SHOULD calculate an emergency braking curve and a service braking curve.,The system MAY calculate an emergency braking curve and a service braking curve.,It would be useful if the system could calculate an emergency braking curve and a service braking curve.,The system MUST calculate an emergency braking curve and a service braking curve.
S0638,respect the dynamic train speed profile,The system MUST respect the dynamic train speed profile.,The system SHOULD respect the dynamic train speed profile.,The system MAY respect the dynamic train speed profile.,It would be useful if the system could respect the dynamic train speed profile.,The system MUST respect the dynamic train speed profile.
S0639,respect the static train speed profile,The system MUST respect the static train speed profile.,The system SHOULD respect the static train speed profile.,The system MAY respect the static train speed profile.,It would be useful if the system could respect the static train speed profile.,The system MUST respect the static train speed profile.
S0641,ensure that the train complies with its speed requirements,The system MUST ensure that the train complies with its speed requirements.,The system SHOULD ensure that the train complies with its speed requirements.,The system MAY ensure that the train complies with its speed requirements.,It would be useful if the system could ensure that the train complies with its speed requirements.,The system MUST ensure that the train complies with its speed requirements.
S0644,be indicated on the DMI,The system MUST be indicated on the DMI.,The system SHOULD be indicated on the DMI.,The system MAY be indicated on the DMI.,It would be useful if the system could be indicated on the DMI.,The system MUST be indicated on the DMI.
S0647,have the possibility of allowing a different release speed for every signal,The system MUST have the possibility of allowing a different release speed for every signal.,The system SHOULD have the possibility of allowing a different release speed for every signal.,The system MAY have the possibility of allowing a different release speed for every signal.,It would be useful if the system could have the possibility of allowing a different release speed for every signal.,The system MUST have the possibility of allowing a different release speed for every signal.
S0648,determine the location of the entire train,The system MUST determine the location of the entire train.,The system SHOULD determine the location of the entire train.,The system MAY determine the location of the entire train.,It would be useful if the system could determine the location of the entire train.,The system MUST determine the location of the entire train.
S0649,transmit the location of the entire train to the RBC,The system MUST transmit the location of the entire train to the RBC.,The system SHOULD transmit the location of the entire train to the RBC.,The system MAY transmit the location of the entire train to the RBC.,It would be useful if the system could transmit the location of the entire train to the RBC.,The system MUST transmit the location of the entire train to the RBC.
S0650,take into account error of odometry,The system MUST take into account error of odometry.,The system SHOULD take into account error of odometry.,The system MAY take into account error of odometry.,It would be useful if the system could take into account error of odometry.,The system MUST take into account error of odometry.
S0651,be indicated on the DMI,The system MUST be indicated on the DMI.,The system SHOULD be indicated on the DMI.,The system MAY be indicated on the DMI.,It would be useful if the system could be indicated on the DMI.,The system MUST be indicated on the DMI.
S0657,be supervised to its static and dynamic train speed profiles,The system MUST be supervised to its static and dynamic train speed profiles.,The system SHOULD be supervised to its static and dynamic train speed profiles.,The system MAY be supervised to its static and dynamic train speed profiles.,It would be useful if the system could be supervised to its static and dynamic train speed profiles.,The system MUST be supervised to its static and dynamic train speed profiles.
S0660,release an ETCS emergency brake application when stationary,The system MUST release an ETCS emergency brake application when stationary.,The system SHOULD release an ETCS emergency brake application when stationary.,The system MAY release an ETCS emergency brake application when stationary.,It would be useful if the system could release an ETCS emergency brake application when stationary.,The system MUST release an ETCS emergency brake application when stationary.
S0661,release the ETCS emergency brake when the actual speed is below the permitted speed,The system MUST release the ETCS emergency brake when the actual speed is below the permitted speed.,The system SHOULD release the ETCS emergency brake when the actual speed is below the permitted speed.,The system MAY release the ETCS emergency brake when the actual speed is below the permitted speed.,It would be useful if the system could release the ETCS emergency brake when the actual speed is below the permitted speed.,The system MUST release the ETCS emergency brake when the actual speed is below the permitted speed.
S0662,monitor the direction of movement in relation to the permitted direction,The system MUST monitor the direction of movement in relation to the permitted direction.,The system SHOULD monitor the direction of movement in relation to the permitted direction.,The system MAY monitor the direction of movement in relation to the permitted direction.,It would be useful if the system could monitor the direction of movement in relation to the permitted direction.,The system MUST monitor the direction of movement in relation to the permitted direction.
S0663,"apply the emergency brake after a distance, defined by a national value, is travelled by the train","The system MUST apply the emergency brake after a distance, defined by a national value, is travelled by the train.","The system SHOULD apply the emergency brake after a distance, defined by a national value, is travelled by the train.","The system MAY apply the emergency brake after a distance, defined by a national value, is travelled by the train.","It would be useful if the system could apply the emergency brake after a distance, defined by a national value, is travelled by the train.","The system MUST apply the emergency brake after a distance, defined by a national value, is travelled by the train."
S0665,release the emergency brake,The system MUST release the emergency brake.,The system SHOULD release the emergency brake.,The system MAY release the emergency brake.,It would be useful if the system could release the emergency brake.,The system MUST release the emergency brake.
S0667,be disabled in all but the leading traction unit,The system MUST be disabled in all but the leading traction unit.,The system SHOULD be disabled in all but the leading traction unit.,The system MAY be disabled in all but the leading traction unit.,It would be useful if the system could be disabled in all but the leading traction unit.,The system MUST be disabled in all but the leading traction unit.
S0669,be recorded to an accuracy which enables a clear view of the functioning of ETCS and way the traction unit has been driven,The system MUST be recorded to an accuracy which enables a clear view of the functioning of ETCS and way the traction unit has been driven.,The system SHOULD be recorded to an accuracy which enables a clear view of the functioning of ETCS and way the traction unit has been driven.,The system MAY be recorded to an accuracy which enables a clear view of the functioning of ETCS and way the traction unit has been driven.,It would be useful if the system could be recorded to an accuracy which enables a clear view of the functioning of ETCS and way the traction unit has been driven.,The system MUST be recorded to an accuracy which enables a clear view of the functioning of ETCS and way the traction unit has been driven.
S0678,enter the driver ID,The system MUST enter the driver ID.,The system SHOULD enter the driver ID.,The system MAY enter the driver ID.,It would be useful if the system could enter the driver ID.,The system MUST enter the driver ID.
S0680,be at or below a speed specified by a national value,The system MUST be at or below a speed specified by a national value.,The system SHOULD be at or below a speed specified by a national value.,The system MAY be at or below a speed specified by a national value.,It would be useful if the system could be at or below a speed specified by a national value.,The system MUST be at or below a speed specified by a national value.
S0681,select an override control according to the permission received,The system MUST select an override control according to the permission received.,The system SHOULD select an override control according to the permission received.,The system MAY select an override control according to the permission received.,It would be useful if the system could select an override control according to the permission received.,The system MUST select an override control according to the permission received.
S0682,be protected against inadvertent operation,The system MUST be protected against inadvertent operation.,The system SHOULD be protected against inadvertent operation.,The system MAY be protected against inadvertent operation.,It would be useful if the system could be protected against inadvertent operation.,The system MUST be protected against inadvertent operation.
S0683,be suppressed,The system MUST be suppressed.,The system SHOULD be suppressed.,The system MAY be suppressed.,It would be useful if the system could be suppressed.,The system MUST be suppressed.
S0685,be shown on the DMI,The system MUST be shown on the DMI.,The system SHOULD be shown on the DMI.,The system MAY be shown on the DMI.,It would be useful if the system could be shown on the DMI.,The system MUST be shown on the DMI.
S0691,command the emergency brake,The system MUST command the emergency brake.,The system SHOULD command the emergency brake.,The system MAY command the emergency brake.,It would be useful if the system could command the emergency brake.,The system MUST command the emergency brake.
S0695,override the function when the train is stationary,The system MUST override the function when the train is stationary.,The system SHOULD override the function when the train is stationary.,The system MAY override the function when the train is stationary.,It would be useful if the system could override the function when the train is stationary.,The system MUST override the function when the train is stationary.
S0697,be triggered,The system MUST be triggered.,The system SHOULD be triggered.,The system MAY be triggered.,It would be useful if the system could be triggered.,The system MUST be triggered.
S0699,be applied until the traction unit is stationary,The system MUST be applied until the traction unit is stationary.,The system SHOULD be applied until the traction unit is stationary.,The system MAY be applied until the traction unit is stationary.,It would be useful if the system could be applied until the traction unit is stationary.,The system MUST be applied until the traction unit is stationary.
S0702,be driven backwards for a certain distance defined by national value,The system MUST be driven backwards for a certain distance defined by national value.,The system SHOULD be driven backwards for a certain distance defined by national value.,The system MAY be driven backwards for a certain distance defined by national value.,It would be useful if the system could be driven backwards for a certain distance defined by national value.,The system MUST be driven backwards for a certain distance defined by national value.
S0707,indicate on the DMI the information regarding pantograph and power supply,The system MUST indicate on the DMI the information regarding pantograph and power supply.,The system SHOULD indicate on the DMI the information regarding pantograph and power supply.,The system MAY indicate on the DMI the information regarding pantograph and power supply.,It would be useful if the system could indicate on the DMI the information regarding pantograph and power supply.,The system MUST indicate on the DMI the information regarding pantograph and power supply.
S0711,be alerted,The system MUST be alerted.,The system SHOULD be alerted.,The system MAY be alerted.,It would be useful if the system could be alerted.,The system MUST be alerted.
S0713,support different languages,The system MUST support different languages.,The system SHOULD support different languages.,The system MAY support different languages.,It would be useful if the system could support different languages.,The system MUST support different languages.
S0717,be shown on the DMI,The system MUST be shown on the DMI.,The system SHOULD be shown on the DMI.,The system MAY be shown on the DMI.,It would be useful if the system could be shown on the DMI.,The system MUST be shown on the DMI.
S0724,be checked for acceptance by the on board,The system MUST be checked for acceptance by the on board.,The system SHOULD be checked for acceptance by the on board.,The system MAY be checked for acceptance by the on board.,It would be useful if the system could be checked for acceptance by the on board.,The system MUST be checked for acceptance by the on board.
S0727,be possible as defined by a value given with the MA,The system MUST be possible as defined by a value given with the MA.,The system SHOULD be possible as defined by a value given with the MA.,The system MAY be possible as defined by a value given with the MA.,It would be useful if the system could be possible as defined by a value given with the MA.,The system MUST be possible as defined by a value given with the MA.
S0734,still be possible but might result in a performance penalty,The system MUST still be possible but might result in a performance penalty.,The system SHOULD still be possible but might result in a performance penalty.,The system MAY still be possible but might result in a performance penalty.,It would be useful if the system could still be possible but might result in a performance penalty.,The system MUST still be possible but might result in a performance penalty.
